Income,AcceptedCmp1,AcceptedCmp2,AcceptedCmp3,AcceptedCmp4,AcceptedCmp5,Response,Cluster
58138.0,0,0,0,0,0,1,0
46344.0,0,0,0,0,0,0,1
71613.0,0,0,0,0,0,0,2
26646.0,0,0,0,0,0,0,1
58293.0,0,0,0,0,0,0,3
62513.0,0,0,0,0,0,0,2
55635.0,0,0,0,0,0,0,2
33454.0,0,0,0,0,0,0,1
30351.0,0,0,0,0,0,1,1
5648.0,0,0,1,0,0,0,1
52143.19977678572,0,0,0,0,0,0,1
7500.0,0,0,0,0,0,0,1
63033.0,0,0,0,0,0,0,0
59354.0,0,0,0,0,0,0,3
17323.0,0,0,0,0,0,0,1
82800.0,1,0,0,0,1,1,0
41850.0,0,0,0,0,0,0,1
37760.0,0,0,0,0,0,0,1
76995.0,1,0,0,0,0,0,2
33812.0,0,0,0,0,0,0,1
37040.0,0,0,0,0,0,0,1
2447.0,0,0,0,0,0,0,2
58607.0,0,0,0,1,0,0,3
65324.0,0,0,0,0,0,0,2
40689.0,0,0,0,0,0,0,3
18589.0,0,0,0,0,0,0,1
53359.0,0,0,0,0,0,0,3
52143.19977678572,0,0,0,0,0,0,0
38360.0,0,0,0,0,0,0,1
84618.0,0,0,0,0,1,0,0
10979.0,0,0,0,0,0,0,1
38620.0,0,0,0,0,0,0,1
40548.0,0,0,0,1,0,0,1
46610.0,0,0,0,0,0,1,3
68657.0,0,0,0,0,0,0,2
49389.0,0,0,0,0,0,0,1
67353.0,0,0,0,0,0,0,2
23718.0,0,0,0,0,0,0,1
42429.0,0,0,0,0,0,0,1
48948.0,0,0,1,0,0,1,2
80011.0,0,0,0,0,0,0,0
20559.0,0,0,0,0,0,0,1
21994.0,0,0,0,0,0,0,1
52143.19977678572,0,0,0,0,0,0,1
7500.0,0,0,0,0,0,0,1
79941.0,0,0,0,0,0,0,0
7500.0,0,0,0,0,0,1,1
41728.0,0,0,0,0,0,0,1
52143.19977678572,0,0,0,0,0,0,1
72550.0,0,0,0,0,0,0,2
65486.0,0,0,0,0,0,0,2
79143.0,0,0,0,0,0,0,0
35790.0,0,0,0,0,0,0,1
82582.0,1,0,1,0,0,1,0
66373.0,0,0,0,0,0,0,3
82384.0,0,0,0,0,1,1,0
70287.0,0,0,0,0,0,1,0
27938.0,0,0,0,0,0,0,1
52143.19977678572,0,0,0,0,0,0,1
55954.0,0,0,0,0,0,0,3
75777.0,0,0,0,1,1,1,0
66653.0,0,0,0,0,0,0,2
61823.0,0,0,0,0,0,0,2
67680.0,0,0,0,0,0,0,2
70666.0,0,0,0,0,0,0,0
25721.0,0,0,0,0,0,1,1
32474.0,0,0,0,0,0,0,1
88194.0,1,0,1,0,0,1,0
69096.0,0,0,0,0,0,0,2
74854.0,0,0,0,0,0,0,2
66991.0,0,0,0,0,0,0,0
52143.19977678572,0,0,0,0,0,0,1
65031.0,0,0,0,0,0,0,2
60631.0,0,0,0,1,0,0,3
28332.0,0,0,0,0,0,0,1
40246.0,0,0,0,0,0,0,1
75251.0,0,0,0,0,0,1,0
75825.0,0,0,1,0,0,1,0
26326.0,0,0,0,0,0,0,1
56046.0,0,0,1,0,0,1,2
29760.0,0,0,0,0,0,0,1
26304.0,0,0,0,0,0,0,1
23559.0,0,0,0,0,0,0,1
38620.0,0,0,0,0,0,0,1
81361.0,0,0,0,0,0,0,0
29440.0,0,0,0,0,0,0,1
36138.0,0,0,0,1,0,0,3
50388.0,1,0,0,1,0,1,3
79593.0,0,0,0,0,1,0,0
54178.0,0,0,0,0,0,0,1
52143.19977678572,0,0,0,0,0,0,3
52143.19977678572,0,0,0,0,0,0,1
52143.19977678572,0,0,0,0,0,0,0
42394.0,0,0,0,0,0,0,1
23626.0,0,0,0,0,0,0,1
30096.0,0,0,0,0,0,0,1
47916.0,0,0,0,1,0,0,3
51813.0,0,0,0,0,0,0,1
78497.0,1,0,0,0,0,0,0
50150.0,0,0,0,0,0,0,2
47823.0,0,0,0,0,0,0,1
34554.0,0,0,0,0,0,0,1
85693.0,0,0,0,0,0,0,0
65846.0,0,0,0,0,0,0,2
87195.0,0,0,0,0,0,1,0
24594.0,0,0,0,0,0,0,1
49096.0,0,0,0,0,0,0,3
52413.0,0,0,0,0,0,0,2
38557.0,0,0,0,0,0,0,1
89058.0,0,0,0,0,0,0,2
77298.0,0,0,0,0,0,0,0
68126.0,0,0,0,1,0,1,2
57288.0,0,0,0,1,0,0,3
86037.0,0,0,0,1,1,1,0
43974.0,0,0,0,0,0,0,3
50785.0,0,0,0,0,0,0,1
90765.0,1,0,0,0,1,0,0
36550.0,0,0,0,0,0,0,2
30753.0,0,0,0,0,0,0,1
21918.0,0,0,0,0,0,0,1
56129.0,0,0,0,0,0,0,2
32557.0,0,0,0,0,0,1,1
19510.0,0,0,0,0,0,0,1
30992.0,0,0,0,0,0,0,1
101970.0,1,0,0,1,1,1,0
71488.0,0,0,0,0,0,0,2
79607.0,0,0,0,0,0,1,0
54348.0,0,0,0,0,0,0,1
52143.19977678572,0,0,0,0,0,0,3
77376.0,0,0,0,0,0,0,2
62998.0,0,0,0,0,0,0,2
61331.0,0,0,0,0,0,0,3
73448.0,0,0,0,0,0,0,0
52143.19977678572,0,0,0,0,0,0,2
41551.0,0,0,0,0,0,0,3
62981.0,0,0,0,1,0,0,0
9548.0,0,0,0,0,0,0,1
33762.0,0,0,0,0,0,0,3
35860.0,0,0,1,0,0,1,1
36921.0,0,0,0,0,0,0,1
92859.0,0,0,0,0,0,0,0
65104.0,0,0,0,0,0,1,2
86111.0,0,0,0,0,0,0,0
68352.0,0,0,0,0,0,0,2
41883.0,0,0,0,0,0,0,1
59809.0,0,0,0,0,0,0,2
23957.0,0,0,0,0,0,1,1
38547.0,0,0,0,0,0,0,1
35688.0,0,0,0,0,0,0,3
49605.0,0,0,0,0,0,0,1
59354.0,0,0,0,0,0,0,2
65747.0,0,0,0,1,0,0,3
46344.0,0,0,0,0,0,0,3
34176.0,0,0,0,0,0,0,1
61010.0,0,0,0,0,0,0,2
69372.0,0,0,0,1,1,1,2
49967.0,0,0,0,0,0,0,1
60199.0,0,0,0,0,0,0,1
55375.0,0,0,0,0,0,0,1
80317.0,0,0,0,0,0,0,0
30523.0,0,0,0,0,0,0,1
70356.0,0,0,0,0,0,0,2
23228.0,0,0,0,0,0,0,1
74165.0,0,0,0,0,0,0,2
157243.0,0,0,0,0,0,0,2
43482.0,0,0,0,0,0,0,1
62551.0,0,0,1,0,0,0,2
52332.0,0,0,0,1,0,0,1
66951.0,0,0,0,0,0,0,0
26091.0,0,0,0,0,0,0,1
33456.0,0,0,0,0,0,0,1
28718.0,0,0,0,0,0,0,1
50447.0,0,0,0,0,0,0,1
53537.0,0,0,0,0,0,0,1
52074.0,0,0,1,0,0,0,1
80427.0,0,0,0,0,0,0,0
83837.0,1,0,0,1,0,1,0
38853.0,0,0,0,0,0,0,1
38285.0,0,0,0,0,0,0,1
78497.0,1,0,0,0,0,0,0
51650.0,0,0,0,0,0,0,1
16248.0,0,0,0,0,0,0,1
66835.0,0,0,0,0,0,0,2
30477.0,0,0,0,0,0,0,1
28249.0,0,0,0,0,0,0,1
25271.0,0,0,0,0,0,0,1
32303.0,0,0,0,0,0,0,1
61286.0,0,0,0,0,0,0,2
74068.0,0,0,0,0,0,0,0
45759.0,0,0,0,0,0,0,1
24882.0,0,0,1,0,0,0,1
66973.0,0,0,0,0,0,0,0
38872.0,0,0,0,0,0,0,1
51148.0,0,0,0,0,0,0,3
31353.0,0,0,0,0,0,0,1
69661.0,0,0,0,0,0,0,2
80067.0,0,0,0,0,1,0,0
86718.0,0,0,0,0,0,0,0
46854.0,0,0,1,0,0,1,3
69142.0,0,0,0,1,0,0,2
75922.0,0,0,0,0,0,0,0
63693.0,0,0,0,0,0,0,2
102160.0,1,0,0,1,1,1,0
40637.0,0,0,0,0,0,0,1
18890.0,0,0,1,0,0,1,1
29604.0,0,0,1,0,0,0,1
48721.0,0,0,0,0,0,0,3
44794.0,0,0,0,0,0,0,1
64497.0,0,0,1,0,0,1,2
46097.0,0,0,0,0,0,0,3
77972.0,0,0,0,0,0,0,0
44377.0,0,0,0,0,0,0,3
46014.0,0,0,0,0,0,0,3
70951.0,0,0,0,0,0,0,0
41443.0,0,0,0,0,0,0,3
52195.0,0,0,0,0,0,0,1
83790.0,0,0,0,1,1,0,0
44551.0,0,0,0,0,0,0,3
69508.0,0,0,0,0,0,0,2
45204.0,0,0,0,0,0,0,1
72460.0,0,0,0,0,0,0,0
77622.0,0,0,0,0,0,0,2
30732.0,0,0,0,0,0,0,3
63887.0,0,0,0,0,0,0,2
42011.0,0,0,0,0,0,0,1
51369.0,0,0,0,0,0,0,2
51537.0,0,0,0,0,0,0,2
79930.0,0,0,0,0,0,0,0
34320.0,0,0,0,0,0,0,1
37070.0,0,0,0,0,0,1,3
81975.0,0,0,0,0,1,0,0
38590.0,0,0,0,0,0,0,1
15033.0,0,0,0,0,0,0,1
62745.0,0,0,0,0,0,0,2
22212.0,0,0,0,0,0,0,1
23661.0,0,0,0,0,0,0,1
79761.0,0,0,0,0,0,0,2
7500.0,0,0,0,0,0,0,1
73455.0,0,0,0,1,0,0,0
64961.0,0,0,0,0,0,0,0
22804.0,0,0,0,0,0,0,1
73687.0,1,0,0,0,0,1,0
61074.0,0,0,0,0,0,0,2
31686.0,0,0,0,0,0,0,1
80134.0,1,0,0,1,1,1,2
75027.0,0,0,0,0,0,0,2
67546.0,0,0,0,0,0,0,0
65176.0,0,0,0,0,0,0,2
31160.0,0,0,0,0,0,0,1
29938.0,0,0,0,0,0,0,1
102692.0,1,1,0,1,1,1,0
26490.0,0,0,0,0,0,0,1
75702.0,0,0,0,0,0,0,2
30899.0,0,0,0,0,0,0,1
63342.0,0,0,0,1,0,0,2
45989.0,0,0,0,0,0,0,1
18701.0,0,0,0,0,0,0,1
40737.0,0,0,0,0,0,0,1
15287.0,0,0,1,0,0,1,1
69674.0,0,0,0,0,0,0,2
44159.0,0,0,0,0,0,0,3
37717.0,0,0,0,0,0,0,1
43776.0,0,0,0,0,0,1,3
38179.0,0,0,0,0,0,0,3
80124.0,0,0,1,0,0,0,0
38097.0,0,0,1,0,0,1,3
72940.0,0,0,0,0,0,0,0
22070.0,0,0,0,0,0,0,1
69267.0,0,0,0,0,0,1,0
31788.0,0,0,0,0,0,0,1
61905.0,0,0,0,0,0,0,1
29315.0,0,0,0,0,0,0,1
33378.0,0,0,0,0,0,0,1
66313.0,0,0,0,0,0,0,2
60714.0,0,0,0,0,0,1,0
77882.0,0,0,0,0,0,0,0
69867.0,1,0,0,0,0,1,0
63841.0,0,0,0,0,0,0,2
24480.0,0,0,0,0,0,0,1
51369.0,0,0,0,0,0,0,2
37760.0,0,0,0,0,0,0,1
65640.0,0,0,0,0,0,0,2
44319.0,0,0,0,0,0,0,1
30631.0,0,0,0,0,0,0,1
75278.0,0,0,0,0,0,0,0
50898.0,0,0,0,0,0,0,3
79946.0,0,0,0,0,0,0,0
35416.0,0,0,0,0,0,0,3
32414.0,0,0,1,0,0,0,1
38361.0,0,0,0,0,0,0,1
82497.0,0,0,0,0,1,0,0
16626.0,0,0,0,0,0,0,1
29672.0,0,0,0,0,0,0,1
55951.0,0,1,0,1,0,0,2
35388.0,0,0,0,0,0,0,1
42386.0,0,0,0,0,0,0,1
68627.0,0,0,0,0,0,0,0
57912.0,0,0,0,1,0,0,2
35246.0,0,0,0,0,0,0,1
58821.0,0,0,0,0,0,0,2
46377.0,0,0,0,0,0,0,1
39747.0,0,0,0,0,0,0,1
23976.0,0,0,0,0,0,0,1
80950.0,1,0,0,0,0,0,0
27038.0,0,0,0,0,0,1,1
77457.0,0,0,0,0,1,0,0
64100.0,0,0,0,1,0,0,3
42670.0,0,0,0,0,0,0,1
12571.0,0,0,0,0,0,0,1
22574.0,0,0,0,0,0,0,1
52143.19977678572,1,0,0,1,0,0,0
70893.0,0,0,0,0,0,0,0
54198.0,0,0,0,0,0,0,3
28839.0,0,0,0,0,0,0,1
40321.0,0,0,0,0,0,0,1
66503.0,0,0,0,0,0,0,2
30833.0,0,0,0,0,0,0,1
52143.19977678572,1,0,0,1,0,0,3
64795.0,0,0,0,0,0,0,2
34421.0,0,0,0,0,0,0,1
47025.0,0,0,0,0,0,0,1
64325.0,0,0,0,0,0,0,2
40464.0,0,0,0,0,0,0,3
62187.0,0,0,0,0,0,0,0
14849.0,0,0,0,0,0,0,1
27255.0,0,0,0,0,0,0,1
54432.0,0,0,0,0,0,0,1
29999.0,0,0,0,0,0,0,1
24072.0,0,0,0,0,0,0,1
33996.0,0,0,0,0,0,0,1
66334.0,0,0,0,0,0,1,2
35178.0,0,0,1,0,0,1,1
22010.0,0,0,0,0,0,0,1
62204.0,0,0,0,0,0,0,2
75693.0,1,0,0,1,1,1,0
30675.0,0,0,0,0,0,0,1
83003.0,0,0,0,0,1,1,0
68655.0,0,0,0,0,0,0,0
41411.0,0,0,0,0,0,0,1
55212.0,0,1,0,1,0,0,2
59292.0,0,0,0,0,0,0,2
27190.0,0,0,1,0,0,1,1
82623.0,0,0,0,0,0,0,0
44300.0,0,0,0,0,0,0,1
84835.0,0,0,0,0,0,1,0
30372.0,0,0,0,0,0,0,1
33181.0,0,0,1,0,0,0,1
71113.0,0,0,0,0,0,0,2
71952.0,0,0,1,0,1,0,0
69759.0,0,0,0,0,0,1,2
72099.0,0,0,0,0,0,0,0
60000.0,0,0,0,0,0,0,2
38643.0,0,0,0,0,0,0,1
50737.0,0,0,0,1,0,0,1
68462.0,0,0,0,0,0,0,0
65073.0,0,0,0,0,0,0,2
46681.0,0,0,0,0,0,0,3
78618.0,0,0,0,1,0,0,0
62187.0,0,0,0,0,0,0,2
28442.0,0,0,0,0,0,0,1
37717.0,0,0,0,0,0,0,1
51479.0,0,0,0,0,0,0,3
54803.0,0,0,0,0,0,0,2
79530.0,0,0,0,0,0,0,0
31615.0,0,0,0,0,0,0,1
72025.0,0,0,0,0,0,0,0
52614.0,0,0,0,0,0,0,2
35684.0,0,0,0,0,0,0,1
48178.0,0,0,0,0,0,0,3
29548.0,0,0,1,0,0,0,1
63810.0,0,0,0,1,0,0,2
38578.0,0,0,0,0,0,1,1
46098.0,0,0,0,0,0,0,3
22585.0,0,0,1,0,0,1,1
30279.0,0,0,0,0,0,0,1
66426.0,0,0,0,0,0,0,2
30822.0,0,0,0,0,0,0,1
33581.0,0,0,0,0,0,0,1
19986.0,0,0,0,0,0,0,1
27421.0,0,0,0,0,0,0,3
35688.0,0,0,0,0,0,0,3
36143.0,0,0,0,0,0,0,1
10245.0,0,0,0,0,0,0,1
43795.0,0,0,0,1,0,1,3
63381.0,0,0,0,0,0,0,2
38823.0,0,0,0,0,0,0,1
83664.0,0,0,0,0,0,0,2
90300.0,0,0,0,0,1,0,0
62499.0,0,0,0,0,0,0,1
74293.0,0,0,0,0,0,0,0
51012.0,0,0,0,0,0,0,3
70777.0,0,0,0,0,0,0,2
68682.0,0,0,0,0,0,0,0
43824.0,0,0,0,0,0,0,3
15345.0,0,0,0,0,0,1,1
23442.0,0,0,0,0,0,0,1
14515.0,0,0,0,0,0,1,1
31395.0,0,0,0,0,0,0,1
75276.0,0,0,0,0,0,0,0
42373.0,0,0,0,0,0,0,1
30507.0,0,0,0,0,0,0,1
55521.0,0,0,0,1,0,1,3
48006.0,0,0,0,0,0,0,1
27213.0,0,0,0,0,0,1,1
65808.0,0,0,0,0,0,0,3
30351.0,0,0,0,0,0,0,1
50437.0,0,0,0,0,0,0,3
23616.0,0,0,0,0,0,1,1
53858.0,0,0,0,0,0,0,2
66465.0,1,0,0,0,0,0,2
46923.0,0,0,0,0,0,0,1
75072.0,0,0,0,0,0,0,2
75865.0,0,0,0,0,0,0,0
19789.0,0,0,1,0,0,0,1
80134.0,1,1,0,1,1,0,0
91065.0,1,0,0,0,1,1,0
49505.0,0,0,0,0,0,0,3
37401.0,0,0,0,0,0,0,1
30096.0,0,0,0,0,0,0,1
18492.0,0,0,0,0,0,0,1
82584.0,0,0,0,1,1,1,0
93027.0,0,0,0,0,1,0,0
48686.0,0,0,0,0,0,0,1
92910.0,1,0,0,1,1,0,0
75433.0,1,0,0,1,0,0,2
10404.0,0,0,0,0,0,0,1
61314.0,0,0,0,0,0,0,0
84865.0,1,1,0,1,1,1,0
42387.0,0,0,0,0,0,0,3
67309.0,0,0,0,0,0,0,2
75236.0,0,0,0,0,0,0,0
30015.0,0,0,0,0,0,0,1
50943.0,0,0,0,0,0,0,1
67272.0,0,0,0,0,0,0,2
51529.0,0,0,0,0,0,0,3
32011.0,0,0,0,0,0,0,1
7500.0,0,0,0,0,0,0,1
28691.0,0,0,0,0,0,0,1
56223.0,0,0,0,0,0,0,1
18100.0,0,0,0,0,0,0,1
30279.0,0,0,0,0,0,0,1
20130.0,0,0,0,0,0,0,1
23295.0,0,0,0,0,0,0,1
42618.0,0,0,0,0,0,0,3
81246.0,1,0,1,0,0,0,0
24027.0,0,0,0,0,0,0,1
55707.0,0,0,0,0,0,0,2
57959.0,0,0,0,0,0,0,2
56796.0,0,0,0,0,0,0,2
36230.0,0,0,0,0,0,0,1
70829.0,0,0,0,0,0,0,2
65991.0,0,0,0,0,0,0,2
38988.0,0,0,0,0,0,0,3
89572.0,1,0,0,1,0,1,0
42207.0,0,0,1,0,0,1,3
50300.0,0,0,0,0,0,0,1
66664.0,0,0,0,0,0,0,0
60597.0,1,0,0,0,0,1,2
70165.0,0,0,0,0,0,0,0
50520.0,0,0,0,0,0,0,3
80124.0,0,0,1,0,0,0,0
33183.0,0,0,0,0,0,0,1
66582.0,0,0,0,0,0,0,0
75261.0,0,0,0,1,1,1,0
31880.0,0,0,0,0,0,0,1
53790.0,0,0,0,0,0,0,3
49269.0,0,0,0,0,0,0,2
61456.0,0,0,0,0,0,0,0
37406.0,0,0,0,0,0,1,1
56937.0,0,0,0,1,0,1,2
38415.0,0,0,0,0,0,0,1
20518.0,0,0,0,0,0,0,1
62503.0,0,0,0,0,0,0,2
41644.0,0,0,0,0,0,0,1
55842.0,0,0,0,0,0,0,2
62010.0,0,0,0,0,0,0,3
41124.0,0,0,0,0,0,0,3
38961.0,0,0,0,0,0,0,1
37760.0,0,0,0,0,0,0,1
32233.0,0,0,1,0,0,1,1
43057.0,0,0,0,0,0,0,1
83151.0,0,0,0,0,0,0,2
78825.0,0,0,0,0,0,1,0
65104.0,0,0,0,0,0,0,2
60093.0,0,0,0,0,0,0,2
14045.0,0,0,0,0,0,0,1
28457.0,0,0,0,0,0,0,1
78952.0,0,0,0,0,0,0,0
46310.0,0,0,0,0,0,0,3
76005.0,1,0,0,0,0,0,0
58308.0,0,0,0,0,0,0,3
55614.0,0,0,0,1,0,0,2
59432.0,0,0,0,0,0,0,2
55563.0,0,0,0,0,0,0,1
78642.0,0,0,0,0,0,0,2
67911.0,0,0,0,0,0,0,2
65275.0,0,0,0,0,0,0,2
27203.0,0,0,0,0,0,0,1
48330.0,0,0,0,0,0,0,1
24279.0,0,0,0,0,0,0,1
64355.0,0,0,0,0,0,0,2
50943.0,0,0,0,0,0,0,1
53653.0,0,0,0,0,0,0,2
65665.0,0,0,0,0,0,0,0
81217.0,0,0,0,0,0,0,0
34935.0,0,0,0,0,0,0,1
61250.0,0,0,0,0,0,0,2
39665.0,0,0,1,0,0,0,3
60152.0,0,0,0,0,0,0,0
48920.0,0,0,0,1,0,0,3
89120.0,0,0,0,0,1,0,0
44124.0,0,0,0,0,0,0,3
81169.0,0,0,0,0,0,0,0
36443.0,0,0,0,0,0,0,1
26095.0,0,0,0,0,0,0,1
71367.0,0,0,0,0,0,0,0
80184.0,1,0,0,0,1,0,0
30630.0,0,0,0,0,0,0,1
73454.0,0,0,1,0,0,0,0
42691.0,0,0,0,0,0,0,1
70503.0,0,0,0,1,1,0,2
25545.0,0,0,0,0,0,1,1
32880.0,0,0,0,0,0,0,1
77863.0,0,0,0,0,0,0,2
50353.0,0,0,0,0,0,0,2
61839.0,0,0,0,0,0,0,0
49154.0,0,0,0,0,0,0,3
47682.0,0,0,0,0,0,0,2
72679.0,0,0,0,0,0,0,0
57954.0,0,0,0,1,0,0,3
65316.0,0,0,0,0,0,0,1
28567.0,0,0,0,0,0,0,1
47352.0,0,0,0,0,0,0,3
44931.0,0,0,0,0,0,0,1
76982.0,0,0,0,0,1,1,0
57247.0,0,0,0,0,0,0,1
22944.0,0,0,0,0,0,0,1
25315.0,0,0,0,0,0,0,1
43638.0,0,0,0,0,0,0,1
42710.0,0,0,0,0,0,0,3
84169.0,0,0,0,1,1,1,0
54058.0,0,0,0,0,0,0,2
24683.0,0,0,0,0,0,0,1
85620.0,0,0,0,0,0,1,0
47850.0,0,0,0,0,0,0,1
19514.0,0,0,1,0,0,1,1
27159.0,0,0,0,0,0,0,1
39548.0,0,0,0,0,0,0,1
21474.0,0,0,1,0,0,1,1
60504.0,0,0,0,0,0,0,3
22419.0,0,0,0,0,0,0,1
81698.0,0,0,0,0,0,1,0
43462.0,0,0,0,0,0,0,3
54880.0,0,0,0,0,0,0,2
79908.0,0,0,0,0,1,0,0
15315.0,0,0,0,0,0,0,1
87771.0,1,1,0,1,1,1,0
33039.0,0,0,0,0,0,0,1
81741.0,0,0,0,0,0,0,0
71499.0,0,0,0,0,0,0,2
62466.0,0,0,0,0,0,0,0
48799.0,0,0,0,0,0,0,3
52157.0,0,0,0,0,0,0,3
66565.0,0,0,0,0,0,0,2
29298.0,0,0,0,0,0,0,1
47691.0,0,0,0,0,0,0,1
38200.0,0,0,0,0,0,0,1
44989.0,0,0,0,0,0,0,3
38443.0,0,0,0,0,0,0,1
38593.0,0,0,0,0,0,0,1
64413.0,0,0,0,0,0,0,3
36959.0,0,0,0,0,0,0,1
61996.0,1,1,0,1,0,1,2
51287.0,0,0,0,0,0,0,1
13260.0,0,0,0,0,0,0,1
47472.0,0,0,0,0,0,0,1
54603.0,0,0,0,0,0,0,3
45207.0,0,0,0,1,0,0,3
40689.0,0,0,0,0,0,0,3
47821.0,0,0,0,0,0,0,1
27450.0,0,0,0,0,0,0,1
39453.0,0,0,0,0,0,0,1
26850.0,0,0,0,0,0,0,1
79800.0,1,0,1,0,1,1,0
61794.0,0,0,0,0,0,0,2
53863.0,0,0,0,1,0,0,3
24221.0,0,0,0,0,0,0,1
39684.0,0,0,0,0,0,1,1
92163.0,1,0,0,0,1,1,0
69882.0,0,0,0,0,0,0,0
33178.0,0,0,0,0,0,0,1
59973.0,0,0,0,0,0,0,2
17459.0,0,0,0,0,0,1,1
23910.0,0,0,0,0,0,0,1
42169.0,0,0,0,0,0,0,1
26224.0,0,0,0,0,0,0,1
31089.0,0,0,0,0,0,0,1
30081.0,0,0,0,0,0,0,1
62807.0,0,0,0,0,0,0,2
72906.0,0,0,0,0,0,0,0
61467.0,0,0,0,0,0,0,3
49618.0,0,0,0,0,0,0,3
21888.0,0,0,0,0,0,1,3
42429.0,0,0,0,0,0,0,1
26150.0,0,0,0,0,0,0,1
30801.0,0,0,0,0,0,0,1
81168.0,1,0,0,0,0,0,0
26877.0,0,0,0,0,0,0,1
45006.0,0,0,0,0,0,0,3
18978.0,0,0,0,0,0,0,1
22574.0,0,0,0,0,0,0,1
48240.0,0,0,0,0,0,1,2
45837.0,0,0,0,0,0,0,3
35791.0,0,0,0,0,0,0,1
162397.0,0,0,0,0,0,0,1
54162.0,0,0,0,0,0,0,1
30522.0,0,0,0,0,0,0,3
54456.0,0,0,0,0,0,0,3
31632.0,0,0,0,0,0,0,1
72298.0,0,0,0,1,1,0,0
36975.0,0,0,0,0,0,0,1
72635.0,1,0,0,0,0,0,0
13624.0,0,0,0,0,0,0,1
84196.0,0,0,0,0,0,0,0
70971.0,0,0,0,0,0,1,2
34487.0,0,0,0,0,0,0,3
28769.0,0,0,0,0,0,0,1
69084.0,0,0,0,0,0,0,2
65488.0,0,0,0,0,0,0,2
62466.0,0,0,0,0,0,0,0
32218.0,0,0,1,0,0,1,1
83917.0,0,0,0,0,0,1,0
46102.0,0,0,0,0,0,0,1
84574.0,0,0,0,0,0,0,0
56181.0,0,0,0,0,0,0,2
63120.0,0,0,0,0,0,1,2
73691.0,0,0,1,0,0,0,2
63381.0,0,0,0,0,0,0,2
76140.0,0,0,0,0,0,0,0
62859.0,0,0,0,0,0,0,2
45906.0,0,0,1,0,0,0,2
77632.0,0,0,0,1,1,1,0
46463.0,0,0,0,0,0,0,3
105471.0,1,0,0,0,1,1,0
55282.0,0,0,0,0,0,0,1
78710.0,0,0,0,0,0,0,2
66886.0,0,0,0,0,0,0,2
98777.0,0,0,0,1,0,0,0
29103.0,0,0,0,0,0,0,1
67445.0,0,0,0,0,0,0,2
50616.0,0,0,0,0,0,0,1
49431.0,0,0,0,0,0,0,3
153924.0,0,0,0,0,0,0,1
61278.0,0,0,0,0,0,0,1
26490.0,0,0,0,0,0,0,1
73059.0,0,0,0,0,0,0,2
46734.0,0,0,1,0,0,0,3
56253.0,0,0,0,0,0,0,3
19986.0,0,0,0,0,0,0,1
58330.0,0,0,0,0,0,0,0
25965.0,0,0,0,0,0,0,1
14661.0,0,0,0,0,0,0,1
18690.0,0,0,0,0,0,0,1
45068.0,0,0,0,0,0,0,1
21063.0,0,0,0,0,0,0,1
29187.0,0,0,0,0,0,0,1
54690.0,0,0,0,0,0,0,1
59304.0,0,0,0,0,0,0,2
59247.0,0,0,0,0,0,0,3
66731.0,0,0,0,0,0,0,2
77353.0,0,0,0,0,0,0,2
52614.0,0,0,0,0,0,0,2
26751.0,0,0,0,0,0,0,1
81300.0,1,0,0,0,0,1,2
70337.0,0,0,0,0,0,0,0
36145.0,0,0,1,0,0,1,1
65295.0,0,0,0,0,0,0,0
68118.0,0,0,0,0,0,0,2
68743.0,0,0,0,0,0,0,0
41039.0,0,0,0,0,0,0,2
38946.0,0,0,0,0,0,0,1
65777.0,0,0,0,0,0,0,0
66476.0,0,0,0,0,0,0,2
86857.0,0,0,0,0,0,1,0
160803.0,0,0,0,0,0,0,2
77845.0,1,0,0,0,1,0,0
69476.0,0,0,0,0,0,0,0
50611.0,0,0,0,1,0,1,3
61209.0,0,0,0,0,0,0,0
42315.0,0,0,0,0,0,0,3
13084.0,0,0,0,0,0,0,1
47570.0,0,0,0,0,0,1,3
61923.0,0,0,0,0,0,0,1
34824.0,0,0,0,0,0,0,1
26518.0,0,0,0,0,0,1,1
45938.0,0,0,0,0,0,0,2
78468.0,1,0,0,0,0,0,0
78901.0,0,0,0,0,0,0,2
71427.0,0,0,0,0,0,0,2
71022.0,0,0,1,0,0,0,2
90247.0,1,0,0,1,1,1,0
41335.0,0,0,0,0,0,0,3
71952.0,0,0,1,0,1,0,0
35682.0,0,0,0,0,0,0,1
43185.0,0,0,0,0,0,0,2
66375.0,0,0,1,0,0,0,2
35178.0,0,0,1,0,0,1,1
25252.0,0,0,0,0,0,0,1
55250.0,0,0,0,0,0,0,2
33249.0,0,0,0,0,0,0,1
58398.0,0,0,0,0,0,0,2
50272.0,0,0,0,0,0,0,1
76618.0,0,0,0,0,0,0,0
87305.0,0,0,0,0,1,1,0
25851.0,0,0,0,0,0,0,1
58710.0,0,0,0,0,0,0,2
45160.0,0,0,0,0,0,0,1
74806.0,0,0,0,0,0,0,2
59111.0,0,0,0,0,0,0,2
18988.0,0,0,0,0,0,0,1
72190.0,0,0,0,0,0,0,0
7500.0,0,0,1,0,0,1,3
44794.0,0,0,0,0,0,0,1
80395.0,1,0,0,0,0,0,0
75012.0,0,0,0,0,0,0,0
56962.0,0,0,0,0,0,0,3
89891.0,0,0,0,0,1,0,0
35946.0,0,0,0,0,0,0,1
53593.0,0,0,0,0,0,0,3
66373.0,0,0,0,0,0,0,3
45072.0,0,0,0,0,0,0,3
89694.0,1,0,0,1,1,0,2
72025.0,1,0,0,1,1,1,0
67432.0,0,0,0,0,0,0,0
70545.0,0,0,0,0,0,0,2
17487.0,0,0,0,0,0,0,1
62882.0,0,0,0,0,0,0,0
64108.0,0,0,0,0,0,0,2
34941.0,0,0,0,0,0,0,3
48767.0,0,0,0,0,0,0,3
38702.0,0,0,0,0,0,0,1
82224.0,1,0,0,0,0,0,0
83844.0,0,0,0,0,1,0,0
17003.0,0,0,0,0,0,0,1
71163.0,0,0,0,0,0,0,0
33697.0,0,0,1,0,0,0,1
63564.0,0,0,1,0,0,1,0
83443.0,0,0,0,0,0,0,0
51518.0,0,0,0,0,0,0,3
58330.0,0,0,0,0,0,0,0
80952.0,1,0,0,1,1,1,0
75507.0,0,0,0,0,0,0,0
63855.0,0,0,0,0,0,0,0
62220.0,0,0,0,0,0,1,2
58512.0,0,0,0,0,0,0,2
40662.0,0,0,0,0,0,0,1
38829.0,0,0,0,0,0,0,1
35523.0,0,0,0,0,0,0,1
79146.0,0,0,0,0,0,0,2
78285.0,0,0,0,0,0,0,0
31626.0,0,0,1,0,0,1,1
75127.0,0,0,0,0,0,0,0
48726.0,0,0,0,0,0,0,1
74985.0,0,0,0,0,0,0,0
67430.0,0,0,0,0,0,0,0
46891.0,0,0,0,0,0,0,1
62058.0,0,0,0,0,0,0,3
72063.0,0,0,0,0,0,0,2
78939.0,0,0,0,0,0,0,0
42720.0,0,0,0,0,0,1,3
33622.0,0,0,0,0,0,0,1
6835.0,0,0,0,0,0,0,1
41452.0,0,0,0,0,0,0,1
40760.0,0,0,0,0,0,0,1
74250.0,0,0,0,0,0,0,0
51124.0,0,0,0,0,0,0,1
72258.0,0,0,0,0,0,0,0
71466.0,0,0,0,0,0,0,0
36283.0,0,0,0,0,0,0,1
20587.0,0,0,0,0,0,0,1
30467.0,0,0,0,0,0,0,1
31590.0,0,0,0,0,0,0,1
20425.0,0,0,0,0,0,0,1
17144.0,0,0,0,0,0,0,3
42564.0,0,0,1,0,0,1,2
43783.0,0,0,1,0,0,0,3
40780.0,0,0,0,0,0,0,3
62847.0,0,0,0,0,0,0,0
82017.0,1,0,0,1,1,1,2
16813.0,0,0,1,0,0,0,1
51267.0,0,0,0,0,0,0,1
46524.0,0,0,0,0,0,0,1
45183.0,0,0,0,1,0,0,1
70421.0,0,0,0,0,0,0,2
60161.0,0,0,0,0,0,0,2
73926.0,0,0,0,0,0,0,0
19329.0,0,0,0,0,0,0,1
61872.0,0,0,0,0,0,0,2
46984.0,0,0,0,0,0,0,1
34838.0,0,0,0,0,0,0,1
82716.0,0,0,0,0,0,0,0
48192.0,1,1,0,1,0,1,0
49681.0,0,0,0,0,0,0,3
56850.0,0,0,0,0,0,0,1
55267.0,0,0,0,0,0,0,3
59666.0,0,0,0,1,0,0,3
72504.0,0,0,0,0,0,0,0
26872.0,0,0,0,0,0,0,1
21359.0,0,0,0,0,0,1,1
73170.0,0,0,0,0,0,0,0
52750.0,0,0,0,0,0,0,2
91820.0,0,0,0,0,0,0,0
65968.0,0,0,0,0,0,0,2
30772.0,0,0,0,0,0,0,1
22507.0,0,0,0,0,0,0,2
65685.0,0,0,0,0,0,0,2
25804.0,0,0,0,0,0,0,1
76412.0,1,0,0,0,1,1,0
22063.0,0,0,0,0,0,0,1
57091.0,0,1,0,0,0,1,2
22419.0,0,0,0,0,0,0,1
87771.0,1,1,0,1,1,1,0
78353.0,0,0,0,0,0,0,0
93404.0,0,0,0,1,1,0,2
37859.0,0,0,0,0,0,0,1
80995.0,0,0,0,0,0,0,2
16529.0,0,0,0,0,0,0,1
55412.0,0,0,0,0,0,0,1
48789.0,0,0,0,0,0,0,2
56575.0,0,0,0,0,0,0,3
25130.0,0,0,0,0,0,0,1
35441.0,0,0,0,0,0,0,1
71391.0,0,0,0,0,0,0,2
49494.0,0,0,0,0,0,0,3
81702.0,0,0,0,0,0,0,0
45889.0,0,0,0,0,0,0,1
56628.0,0,0,1,0,0,0,2
34026.0,0,0,0,0,0,0,1
40049.0,0,0,0,0,0,0,1
34176.0,0,0,0,0,0,0,1
19419.0,0,0,0,0,0,0,1
82504.0,0,0,0,0,0,0,0
81205.0,0,1,1,0,1,1,0
61618.0,0,0,0,0,0,0,0
55284.0,0,0,0,0,0,0,2
49980.0,0,0,0,0,0,0,1
15072.0,0,0,0,0,0,0,1
49166.0,0,0,0,0,0,0,1
65324.0,0,0,0,0,0,0,2
82347.0,1,0,1,0,0,0,0
30843.0,0,0,1,0,0,0,1
46374.0,1,0,0,1,0,1,3
60474.0,0,0,0,0,0,0,2
38576.0,0,0,0,0,0,0,1
55357.0,0,0,0,0,0,0,2
37758.0,0,0,0,0,0,0,1
85710.0,0,0,0,0,1,0,0
23228.0,0,0,0,0,0,0,1
44602.0,0,0,0,0,0,0,3
7500.0,0,0,0,0,0,0,1
38683.0,0,0,0,0,0,0,3
49514.0,0,0,0,0,0,0,1
57906.0,0,0,0,0,0,0,3
43456.0,0,0,0,0,0,0,3
19485.0,0,0,0,0,0,0,1
53172.0,0,0,0,0,0,0,2
30545.0,0,0,0,0,0,0,1
70123.0,0,1,0,1,0,0,2
62450.0,0,0,0,1,0,0,2
21675.0,0,0,0,0,0,0,1
42395.0,0,0,0,0,0,0,1
61346.0,0,0,0,0,0,0,2
80812.0,1,0,1,0,1,0,0
42835.0,0,0,0,0,0,0,3
39922.0,0,0,0,0,0,0,1
86424.0,0,0,0,0,0,0,0
17117.0,0,0,0,0,0,0,1
24762.0,0,0,1,0,0,1,1
35797.0,0,0,0,0,0,0,1
36627.0,0,0,0,0,0,0,1
51111.0,0,0,0,0,0,0,1
86857.0,0,0,0,0,0,1,0
82072.0,0,0,0,0,0,0,0
46231.0,0,0,0,0,0,0,3
42243.0,0,0,0,0,0,0,1
51195.0,0,0,0,0,0,0,3
68092.0,0,0,0,0,0,0,0
31814.0,0,0,1,0,0,0,1
51390.0,0,0,0,0,0,0,3
76630.0,0,0,0,0,0,0,0
26868.0,0,0,0,0,0,0,1
48948.0,0,0,1,0,0,1,2
55260.0,0,0,0,0,0,0,2
64090.0,0,0,0,0,0,1,2
78331.0,0,0,0,0,0,0,0
37087.0,0,0,0,0,0,0,3
21846.0,0,0,0,0,0,0,1
81320.0,0,0,0,0,0,0,0
54137.0,0,0,0,0,0,0,1
66825.0,0,0,0,0,0,0,0
57100.0,0,0,0,0,0,0,2
58917.0,0,0,0,0,0,0,3
85072.0,0,0,0,0,0,0,0
86429.0,1,0,0,0,0,1,0
45684.0,0,0,0,0,0,0,1
47889.0,0,0,0,0,0,0,1
45921.0,0,0,0,0,0,0,1
78420.0,0,0,0,0,0,0,0
75114.0,0,0,0,0,0,0,0
52278.0,0,0,0,0,0,1,2
35641.0,0,0,0,0,0,1,1
95529.0,0,0,0,0,1,1,0
62820.0,0,0,0,0,0,0,0
73113.0,0,0,0,0,0,0,2
84169.0,0,0,0,1,1,1,0
42607.0,0,0,0,0,0,0,1
74637.0,1,0,0,0,0,0,0
46015.0,0,1,1,0,0,0,1
72354.0,0,0,0,0,0,0,0
39858.0,0,0,0,0,0,1,1
34469.0,0,0,0,0,0,0,1
83033.0,1,0,0,0,0,0,0
24401.0,0,0,0,0,0,0,3
77583.0,1,0,0,0,0,0,0
74116.0,0,0,0,1,0,0,0
74293.0,0,0,0,0,0,0,0
68397.0,0,0,0,0,0,0,0
79632.0,0,0,0,0,0,0,0
46107.0,0,0,0,0,0,0,1
64950.0,0,0,0,1,0,0,2
25443.0,0,0,0,0,0,0,1
75127.0,0,0,0,0,0,0,0
32892.0,0,0,0,0,0,0,1
71796.0,0,0,0,0,0,0,0
67536.0,1,0,0,0,0,0,2
55239.0,0,0,0,0,0,0,2
60554.0,0,0,0,0,0,0,2
64831.0,0,0,0,0,0,0,2
56067.0,0,0,0,0,0,0,2
82025.0,0,0,0,0,1,1,0
94384.0,1,0,0,1,1,1,0
14906.0,0,0,0,0,0,0,1
51563.0,0,0,0,1,1,0,2
57937.0,0,0,0,0,0,0,2
68274.0,0,0,0,0,0,0,1
39771.0,0,0,0,0,0,0,1
67893.0,0,0,0,0,0,0,2
27922.0,0,0,0,0,0,0,1
52190.0,0,0,1,0,0,0,1
44051.0,0,0,0,0,0,1,3
42767.0,0,0,0,0,0,0,1
46106.0,0,0,0,0,0,0,1
16927.0,0,0,0,0,0,0,3
59754.0,0,0,0,0,0,1,2
53700.0,0,0,0,0,0,0,2
59041.0,0,0,0,0,0,0,1
54237.0,0,0,0,0,0,0,3
70647.0,0,0,0,0,0,0,0
52597.0,0,0,0,0,0,0,2
41021.0,0,0,0,0,0,1,1
40233.0,0,0,0,0,0,0,3
50183.0,0,0,0,0,0,0,3
54753.0,0,0,0,0,0,0,2
92955.0,1,0,0,0,1,1,0
33471.0,0,0,0,0,0,0,1
34596.0,0,0,0,0,0,1,1
44010.0,0,0,0,0,0,0,2
84219.0,0,0,0,0,0,0,0
40706.0,0,0,0,0,0,0,3
15716.0,0,0,0,0,0,0,1
59052.0,0,0,0,0,0,0,2
80573.0,0,0,0,0,0,0,0
83715.0,0,0,0,0,0,0,0
82576.0,0,0,0,0,1,0,0
56962.0,0,0,0,0,0,0,3
35704.0,0,0,0,0,0,0,1
53103.0,0,0,1,0,0,0,2
46779.0,0,0,0,0,0,0,1
4861.0,0,0,0,0,0,0,1
33462.0,0,0,0,0,0,0,1
63693.0,0,0,0,0,0,0,2
80763.0,1,0,0,0,1,1,0
65352.0,0,0,0,0,0,0,3
82170.0,0,0,0,0,0,0,0
75759.0,1,0,1,0,1,1,0
79689.0,0,0,0,0,0,0,0
35340.0,0,0,0,0,0,0,1
85683.0,1,1,0,1,1,1,0
24884.0,0,0,0,0,0,0,1
42021.0,0,0,1,0,0,0,3
64449.0,0,0,0,0,0,0,2
64587.0,0,0,0,0,0,0,1
34824.0,0,0,0,0,0,0,1
75437.0,1,0,0,0,0,0,0
26091.0,0,0,0,0,0,0,1
52845.0,0,0,1,0,0,0,2
46086.0,0,0,0,0,0,0,3
78028.0,0,0,0,1,1,1,2
95169.0,1,0,0,0,1,1,0
56337.0,1,0,1,0,0,1,3
22434.0,0,0,0,0,0,0,1
36930.0,0,0,0,0,0,0,3
36130.0,0,0,1,0,0,1,2
65569.0,0,0,0,0,0,0,2
83844.0,0,0,0,0,1,0,0
19514.0,0,0,1,0,0,0,1
36736.0,0,0,0,0,0,0,1
77568.0,1,0,0,1,1,0,0
49187.0,0,0,0,0,0,0,1
30168.0,0,0,0,0,0,0,3
34053.0,0,0,0,0,0,0,1
38196.0,0,0,0,0,0,0,1
59412.0,0,0,0,0,0,0,2
70924.0,0,0,0,0,1,0,0
54165.0,0,0,0,0,0,0,1
32300.0,0,0,0,0,0,0,1
20180.0,0,0,0,0,0,0,1
34961.0,0,0,0,0,0,0,1
28440.0,0,0,0,0,0,0,1
64504.0,0,0,0,0,0,1,3
33564.0,0,0,0,0,0,0,1
17345.0,0,0,0,0,0,0,1
56320.0,0,0,0,0,0,0,2
28647.0,0,0,1,0,0,1,1
15038.0,0,0,0,0,0,0,1
32173.0,0,0,0,0,0,0,1
68316.0,0,0,0,0,0,0,2
74538.0,0,0,0,0,1,1,0
91700.0,0,0,0,0,0,1,0
68695.0,0,0,0,0,0,0,0
31056.0,0,0,0,0,0,0,1
79593.0,0,0,0,0,1,0,0
28071.0,0,0,0,0,0,0,1
37334.0,0,0,0,0,0,0,3
46423.0,0,0,0,0,0,0,1
37126.0,0,0,1,0,0,1,1
47703.0,0,0,0,0,0,0,2
61180.0,0,0,1,0,0,0,2
38998.0,0,0,0,0,0,0,1
76081.0,1,0,0,0,0,0,0
34728.0,0,0,0,0,0,1,1
33168.0,0,0,0,0,0,0,1
33585.0,0,0,0,0,0,0,1
77037.0,0,0,0,0,0,0,0
35196.0,0,0,0,0,0,1,3
44529.0,0,0,0,1,0,0,2
70924.0,0,0,0,0,1,0,0
28764.0,0,0,1,0,0,0,1
69098.0,0,0,0,0,0,0,0
25959.0,0,0,0,0,0,1,1
27100.0,0,0,0,0,0,0,1
70596.0,0,0,0,0,0,0,0
42557.0,0,0,0,0,0,0,3
53312.0,0,0,0,0,0,0,3
72228.0,0,0,0,0,0,0,0
67605.0,0,0,0,0,0,0,0
62845.0,0,0,0,1,0,0,3
65196.0,0,0,1,0,0,0,2
42000.0,0,0,0,0,0,1,2
35860.0,0,0,1,0,0,0,1
65526.0,0,0,0,0,0,0,2
16860.0,0,0,0,0,0,0,1
83528.0,1,0,1,0,0,1,0
64176.0,0,0,0,0,0,0,2
22304.0,0,0,0,0,0,0,1
67023.0,0,0,0,0,0,0,0
32892.0,0,0,0,0,0,0,1
70713.0,0,0,0,0,0,0,2
59925.0,0,0,0,0,0,0,2
39722.0,0,0,0,0,0,0,1
46610.0,0,0,0,0,0,0,2
88347.0,1,0,0,0,0,0,0
87171.0,0,0,1,0,1,0,0
26907.0,0,0,0,0,0,0,1
50014.0,0,0,0,0,0,0,3
41014.0,0,0,0,0,0,0,1
66294.0,0,0,0,0,0,0,0
36715.0,0,0,0,0,0,1,3
79456.0,0,0,0,0,0,1,0
40479.0,0,0,0,0,0,0,1
75345.0,1,0,0,0,0,1,0
54233.0,0,0,0,0,0,0,2
24163.0,0,0,0,0,0,0,1
84460.0,1,1,0,1,1,1,2
43776.0,0,0,0,0,0,0,1
71691.0,0,0,0,0,0,1,0
85844.0,0,0,0,0,1,0,0
39190.0,0,0,0,0,0,0,1
71367.0,0,0,0,0,0,0,0
38578.0,0,0,0,0,0,0,1
57236.0,0,0,0,0,0,0,1
61825.0,0,0,0,0,0,0,2
79803.0,0,0,0,0,0,0,2
80910.0,0,0,0,0,0,0,0
27590.0,0,0,0,0,0,0,1
56775.0,0,0,0,0,0,0,2
83829.0,1,0,1,0,1,1,0
54210.0,0,0,0,0,0,0,1
38508.0,0,0,0,0,0,0,3
53187.0,0,0,0,0,0,0,1
30023.0,0,0,0,0,0,0,1
76045.0,1,0,0,0,0,0,0
50870.0,0,0,0,0,0,0,1
15315.0,0,0,0,0,0,0,1
65463.0,0,0,0,1,0,0,2
66480.0,0,0,0,0,0,0,3
76773.0,0,0,0,0,0,0,0
81698.0,1,0,0,0,0,1,0
54466.0,0,0,0,0,0,0,1
98777.0,0,0,0,1,0,0,0
16269.0,0,0,0,0,0,0,1
71819.0,0,0,0,1,1,0,2
33569.0,0,0,1,0,0,1,1
36262.0,0,0,1,0,0,1,2
22634.0,0,0,0,0,0,0,1
47025.0,0,0,0,0,0,0,3
70566.0,0,0,0,0,0,0,2
31605.0,0,0,0,0,0,0,1
52034.0,0,0,0,0,0,0,3
48526.0,0,0,0,0,0,0,1
46734.0,0,0,0,0,0,0,3
39552.0,0,0,0,0,0,1,3
86358.0,0,0,0,0,0,0,2
46931.0,0,0,0,0,0,0,1
16581.0,0,0,0,0,0,0,1
63998.0,0,0,0,0,0,1,0
67381.0,0,0,0,1,0,0,3
25930.0,0,0,0,0,0,0,1
42693.0,0,0,0,0,0,0,1
85606.0,1,0,0,0,0,0,0
72903.0,1,0,0,1,1,1,0
49669.0,0,0,0,0,0,0,1
36778.0,0,0,0,0,0,0,3
85696.0,0,0,0,0,0,1,0
10979.0,0,0,0,0,0,0,1
49678.0,0,0,0,0,0,0,3
56129.0,0,0,0,0,0,0,2
37155.0,0,0,0,0,0,0,1
21282.0,0,0,0,0,0,0,1
33419.0,0,0,0,0,0,0,1
63285.0,0,0,0,0,0,0,0
21255.0,0,0,0,0,0,0,1
42162.0,0,0,1,0,0,1,1
54450.0,0,0,0,0,0,0,3
57744.0,0,0,0,0,0,0,3
26576.0,0,0,1,0,0,1,1
57513.0,0,0,0,0,0,0,2
68142.0,0,0,0,0,0,0,2
7500.0,0,0,0,0,0,0,1
83145.0,0,0,0,0,1,1,0
54197.0,0,0,0,0,0,0,1
23091.0,0,0,0,0,0,0,1
46049.0,0,0,0,0,0,1,3
56715.0,0,0,0,0,0,0,0
79410.0,0,0,0,0,0,0,0
57304.0,0,0,0,0,0,0,2
44375.0,0,0,0,0,0,0,1
54450.0,0,0,0,0,0,0,3
59594.0,0,0,0,1,0,0,3
80685.0,0,0,0,0,0,0,0
40344.0,0,0,0,0,0,0,3
62710.0,0,0,0,0,0,0,2
48985.0,0,0,0,0,0,0,1
35322.0,0,0,0,0,0,0,1
77142.0,0,0,0,0,0,0,0
81657.0,0,0,0,0,0,0,0
14421.0,0,0,1,0,0,0,1
20130.0,0,0,0,0,0,0,1
74214.0,0,0,0,0,0,0,0
66726.0,0,0,0,1,0,0,3
23724.0,0,0,0,0,0,0,1
47353.0,0,0,0,0,0,0,3
33444.0,0,0,0,0,0,0,1
54386.0,0,0,0,0,0,0,2
28510.0,0,0,0,0,0,0,1
90638.0,0,0,0,0,1,0,0
48070.0,0,0,0,0,0,0,3
43140.0,0,0,0,0,0,0,1
54959.0,0,0,0,1,0,1,2
15056.0,0,0,0,0,0,0,1
26954.0,0,0,0,0,0,0,1
22327.0,0,0,0,0,0,0,1
44393.0,0,0,0,0,0,0,1
62000.0,1,0,0,0,0,0,2
31497.0,0,0,0,0,0,0,3
45894.0,0,0,0,0,0,0,1
78579.0,0,0,0,0,0,1,0
67369.0,0,0,0,1,1,1,2
58401.0,0,0,0,0,0,0,1
62307.0,0,0,0,0,0,0,1
43641.0,0,0,0,0,0,0,3
63841.0,0,0,0,0,0,0,2
46891.0,0,0,0,0,0,0,1
70091.0,0,0,0,1,0,0,2
78075.0,0,0,0,0,0,0,2
59184.0,0,0,0,0,0,0,0
54809.0,0,0,0,0,0,0,1
58113.0,0,0,0,0,0,0,2
51412.0,0,0,0,0,0,0,1
15287.0,0,0,1,0,0,1,1
66636.0,0,0,0,0,0,0,0
50965.0,0,0,1,0,0,0,3
84618.0,0,0,0,0,1,0,0
18351.0,0,0,0,0,0,0,1
40451.0,0,0,1,0,0,0,1
36317.0,0,0,0,0,0,0,1
42213.0,0,0,0,1,0,0,3
65748.0,0,0,0,0,0,0,2
77044.0,0,0,1,0,0,0,0
74918.0,0,0,0,0,1,0,0
56721.0,0,0,0,0,0,0,3
42160.0,0,0,0,0,0,1,1
61559.0,0,0,0,0,0,0,2
33629.0,0,0,0,0,0,0,3
68682.0,0,0,0,0,0,0,0
34377.0,0,0,0,0,0,0,1
8940.0,0,0,0,0,0,0,1
26228.0,0,0,0,0,0,0,1
77297.0,1,0,0,0,0,0,0
40211.0,0,0,1,0,0,0,1
33438.0,0,0,0,0,0,0,3
75032.0,0,0,0,0,0,0,2
61284.0,0,0,0,1,0,0,2
22518.0,0,0,1,0,0,1,1
54730.0,0,0,0,0,0,0,3
38452.0,0,0,0,0,0,0,3
44421.0,0,0,0,0,0,0,3
38197.0,0,0,0,0,0,0,1
41986.0,0,0,0,0,0,0,1
28427.0,0,0,0,0,0,0,1
37395.0,0,0,0,0,0,0,1
64722.0,0,0,0,0,0,0,2
55249.0,0,0,0,0,0,0,1
84906.0,0,1,0,1,1,0,0
28691.0,0,0,0,0,0,0,1
44213.0,0,0,0,0,0,0,1
25707.0,0,0,0,0,0,0,1
59062.0,0,0,0,0,0,0,1
76624.0,0,0,1,0,0,0,0
66000.0,0,0,0,0,0,0,2
27683.0,0,0,0,0,0,0,3
1730.0,0,0,0,0,0,0,3
7500.0,0,0,0,0,0,0,1
40521.0,0,0,0,0,0,0,1
20427.0,0,0,0,0,0,0,1
65106.0,0,0,0,1,0,0,2
69969.0,1,0,0,0,1,1,2
67433.0,0,0,0,1,0,0,2
77766.0,0,0,1,0,0,1,2
74716.0,0,0,0,0,0,0,2
68118.0,0,0,0,0,0,0,2
55158.0,0,0,0,0,0,1,3
62972.0,0,0,0,0,0,1,2
74190.0,0,0,0,0,0,0,0
39356.0,0,0,1,0,0,0,1
76653.0,1,0,0,0,1,0,0
35860.0,0,0,1,0,0,0,1
90687.0,0,0,0,0,1,1,0
73450.0,1,0,1,0,0,0,0
31454.0,0,0,0,0,0,0,1
47139.0,0,0,0,0,0,1,1
83829.0,1,0,1,0,1,1,0
53378.0,0,0,0,0,0,1,3
19656.0,0,0,0,0,0,0,1
45579.0,0,0,0,0,0,0,3
85485.0,0,0,0,0,0,0,0
55956.0,0,0,0,1,0,0,2
64191.0,0,0,0,0,0,0,2
38808.0,0,0,1,0,0,1,1
57183.0,0,0,0,0,0,0,3
23748.0,0,0,0,0,0,0,3
66303.0,0,0,0,1,0,0,2
37368.0,0,0,1,0,0,0,1
40800.0,0,0,0,0,0,0,1
71847.0,1,0,0,0,0,0,0
46149.0,0,0,0,0,0,0,3
78687.0,0,0,0,0,1,1,0
49118.0,0,1,0,1,0,1,0
37633.0,0,0,0,0,0,0,3
39767.0,0,0,0,0,0,0,2
26997.0,0,0,0,0,0,0,2
33986.0,0,0,0,0,0,0,1
57091.0,0,0,0,1,0,1,3
46831.0,0,0,0,0,0,0,1
83151.0,1,0,1,0,1,1,0
52531.0,0,0,0,0,0,0,2
15759.0,0,0,0,0,0,0,1
22804.0,0,0,0,0,0,0,1
43050.0,0,0,0,0,0,0,1
42997.0,0,0,0,0,0,0,1
48918.0,0,0,0,0,0,0,1
60033.0,0,0,0,0,0,0,1
34043.0,0,0,0,0,0,0,1
57811.0,0,0,0,1,0,0,2
78569.0,0,0,0,0,1,1,0
7500.0,0,0,0,0,0,0,1
157733.0,0,0,0,0,0,0,1
94384.0,1,0,0,1,1,1,0
23148.0,0,0,0,0,0,0,1
44267.0,0,0,0,0,0,0,3
71626.0,0,0,0,1,0,0,0
60894.0,0,0,0,0,0,0,2
50200.0,0,0,0,0,0,0,3
81051.0,0,0,0,1,1,0,0
65169.0,1,1,1,0,1,1,2
59868.0,0,0,0,0,0,0,2
65695.0,0,0,0,0,0,0,2
64857.0,0,0,0,0,0,0,0
45143.0,0,0,0,0,0,0,3
74805.0,0,0,0,0,0,0,0
59060.0,0,0,0,0,0,0,1
27238.0,0,0,0,0,0,0,1
47009.0,0,0,0,0,0,0,2
46094.0,0,0,0,0,0,0,1
40321.0,0,0,0,0,0,0,1
37235.0,0,0,0,0,0,0,1
81843.0,0,0,0,0,0,0,0
46692.0,0,0,0,0,0,0,3
77382.0,0,0,0,0,1,0,0
37774.0,0,0,1,0,0,1,3
18393.0,0,0,0,0,0,0,1
72828.0,0,0,0,0,0,0,2
24711.0,0,0,0,0,0,0,1
45503.0,0,0,0,0,0,0,1
6560.0,0,0,0,0,0,0,1
71604.0,0,0,1,0,0,1,0
27244.0,0,0,0,0,0,0,1
48752.0,0,0,0,0,0,1,3
71434.0,1,0,0,1,0,0,0
90842.0,0,0,0,0,0,0,0
88097.0,1,0,0,1,1,1,2
51948.0,0,0,0,0,0,0,1
71853.0,0,0,0,0,0,0,0
35876.0,0,0,0,0,0,0,1
40049.0,0,0,0,0,0,0,1
39660.0,0,0,0,0,0,1,1
50127.0,0,0,0,1,0,0,1
43263.0,0,0,0,0,0,0,3
62845.0,0,0,0,1,0,1,3
18929.0,0,0,0,0,0,0,1
24367.0,0,0,0,0,0,0,1
33249.0,0,0,0,0,0,0,1
26887.0,0,0,0,0,0,0,1
50150.0,0,0,0,0,0,0,2
62061.0,0,0,0,1,0,0,2
85696.0,0,0,0,0,0,1,0
76542.0,0,0,0,0,0,0,0
70515.0,0,0,0,0,0,1,0
18227.0,0,0,0,0,0,0,1
69139.0,0,0,0,0,0,0,1
69109.0,0,0,0,0,1,1,0
69627.0,0,0,0,0,0,0,0
38136.0,0,0,1,0,0,0,1
62159.0,0,0,0,0,0,0,2
80695.0,0,0,0,0,0,0,0
33316.0,0,0,0,0,0,0,1
58554.0,0,0,0,0,0,0,3
17256.0,0,0,1,0,0,0,1
53034.0,0,0,0,0,0,0,3
52203.0,0,0,0,0,0,0,2
59601.0,0,0,0,1,0,0,3
75154.0,0,0,0,0,0,1,0
47025.0,0,0,0,0,0,0,1
37971.0,0,0,0,0,0,0,1
41335.0,0,0,0,0,0,0,3
67267.0,0,0,0,0,0,0,1
57338.0,0,0,0,0,0,0,1
50523.0,0,0,0,0,0,0,1
35791.0,0,0,0,0,0,0,1
50611.0,0,0,0,1,0,0,3
56242.0,0,0,0,0,0,0,2
48904.0,0,0,0,0,0,0,3
56243.0,0,0,0,0,0,0,3
21355.0,0,0,1,0,0,1,1
57420.0,0,0,0,1,0,0,3
52143.19977678572,0,0,0,0,0,0,3
46390.0,0,0,0,0,0,0,1
54342.0,0,0,0,0,0,0,3
52143.19977678572,0,0,0,0,0,0,1
52143.19977678572,0,0,0,0,0,0,1
20895.0,0,0,0,0,0,0,1
92344.0,0,0,1,0,1,0,0
52143.19977678572,0,0,0,0,0,0,1
26907.0,0,0,0,0,0,0,1
44964.0,0,0,0,0,0,0,1
75507.0,0,0,0,0,0,0,0
53761.0,0,0,0,0,0,0,3
22682.0,0,0,0,0,0,0,1
38887.0,0,0,0,0,0,0,1
41658.0,0,0,0,0,0,0,1
29791.0,0,0,0,0,0,0,1
63915.0,0,0,0,0,0,0,2
39996.0,0,0,0,0,0,0,1
26759.0,0,0,0,0,0,0,1
63841.0,0,0,0,0,0,0,2
51039.0,0,0,0,0,0,0,3
60544.0,0,0,0,0,0,0,3
65685.0,0,0,0,0,0,0,2
37716.0,0,0,0,0,0,0,1
36864.0,0,0,0,0,0,1,3
44511.0,0,0,0,0,0,0,3
36947.0,0,0,0,0,0,0,3
47352.0,0,0,0,0,0,0,3
67087.0,0,0,0,0,0,0,2
57045.0,0,0,0,0,0,0,2
36957.0,0,0,0,0,0,1,3
69389.0,0,0,0,0,0,0,2
80134.0,1,0,0,1,1,1,2
43142.0,0,0,0,0,0,0,1
80589.0,1,0,0,0,0,1,0
34412.0,0,0,0,0,0,0,1
57537.0,0,0,0,0,0,0,2
22634.0,0,0,0,0,0,0,1
51315.0,0,0,0,0,0,0,1
36026.0,0,0,0,0,0,0,1
24639.0,0,0,0,0,0,0,1
34578.0,0,0,0,0,0,0,1
65704.0,0,0,0,0,0,0,0
63810.0,0,0,0,1,0,0,2
54132.0,0,0,0,0,0,0,1
18690.0,0,0,0,0,0,0,1
28164.0,0,0,0,0,0,0,1
34596.0,0,0,0,0,0,0,1
43269.0,0,0,0,0,0,0,1
38741.0,0,0,0,0,0,0,1
31907.0,0,0,0,0,0,0,2
27100.0,0,0,0,0,0,0,1
31163.0,0,0,0,0,0,0,1
92533.0,1,0,0,0,1,0,0
34853.0,0,0,0,0,0,0,1
70844.0,0,0,0,0,0,0,3
31086.0,0,0,1,0,0,0,1
60544.0,0,0,0,0,0,0,3
20491.0,0,0,0,0,0,0,1
42523.0,0,0,0,0,0,0,1
39922.0,0,0,0,0,0,0,1
33402.0,0,0,0,0,0,0,1
36408.0,0,0,0,0,0,0,1
21645.0,0,0,0,0,0,1,1
78427.0,1,0,0,0,0,1,0
82657.0,1,0,0,1,0,0,0
51876.0,0,0,0,0,0,0,1
78041.0,0,0,0,0,0,0,0
52852.0,0,0,1,0,0,0,2
70038.0,0,0,0,0,0,0,0
69401.0,0,0,0,0,0,0,2
46053.0,0,0,0,0,0,0,1
77343.0,0,0,0,0,0,0,0
73892.0,0,0,0,0,0,1,0
40304.0,0,0,0,0,0,0,1
32727.0,0,0,0,0,0,0,2
68695.0,0,0,0,0,0,0,0
43300.0,0,0,0,0,0,1,1
26290.0,0,0,0,0,0,0,1
93790.0,1,0,0,1,1,1,0
38410.0,0,0,0,0,0,1,2
64866.0,0,0,0,1,0,0,3
57957.0,0,0,0,0,0,0,2
46015.0,0,1,1,0,0,0,1
16531.0,0,0,0,0,0,0,1
28072.0,0,0,0,0,0,0,1
49476.0,0,0,0,0,0,0,2
50725.0,0,0,0,0,0,0,3
83844.0,0,0,0,0,1,0,0
41145.0,0,0,0,0,0,0,1
67419.0,0,0,0,0,0,0,2
23162.0,0,0,0,0,0,0,1
34380.0,0,0,0,0,0,0,1
34704.0,0,0,0,0,0,0,1
94871.0,0,0,0,1,1,1,2
65148.0,0,0,0,0,0,0,2
39898.0,0,0,0,0,0,0,1
64857.0,0,0,0,0,0,0,0
59892.0,0,0,0,0,0,0,1
41020.0,0,0,0,0,0,0,1
57072.0,0,0,1,0,0,0,2
60474.0,0,0,0,0,0,0,2
62807.0,0,0,0,0,0,0,2
19414.0,0,0,0,0,0,0,1
19107.0,0,0,0,0,0,0,1
75484.0,0,0,0,0,0,0,0
70379.0,0,0,0,0,0,0,2
79419.0,0,0,0,0,0,0,0
64014.0,1,0,0,0,0,0,3
76998.0,0,0,0,0,1,0,0
49854.0,0,0,0,0,0,0,3
60585.0,0,0,0,0,0,1,3
42873.0,0,0,0,0,0,0,3
87679.0,1,0,1,0,1,1,0
57867.0,0,0,0,0,0,0,3
35765.0,0,0,0,0,0,0,1
65492.0,0,0,0,0,0,0,0
32952.0,0,0,0,0,0,0,1
53374.0,0,0,1,0,0,1,3
71706.0,0,0,0,0,0,0,2
68487.0,0,0,0,0,0,0,0
53253.0,0,0,0,0,0,0,3
31163.0,0,0,0,0,0,0,1
42014.0,0,0,0,0,0,1,3
54108.0,0,0,0,0,0,0,3
49667.0,0,0,1,0,0,1,2
63206.0,0,0,0,0,1,0,2
57136.0,0,0,0,0,0,0,3
46772.0,0,0,1,0,0,0,2
78931.0,0,0,0,0,0,0,0
53977.0,0,0,0,0,0,0,2
84219.0,0,0,0,0,0,0,0
46098.0,0,0,0,0,0,0,3
73538.0,0,0,0,0,0,0,0
79529.0,0,0,0,0,0,0,0
20981.0,0,0,0,0,0,1,1
51766.0,0,0,0,0,0,0,1
55759.0,0,0,0,0,0,0,2
33039.0,0,0,0,0,0,0,1
37787.0,0,0,0,0,0,0,1
27242.0,0,0,0,0,0,1,1
87188.0,0,0,0,0,0,1,0
69930.0,0,0,0,0,0,0,0
37697.0,0,0,0,0,0,0,1
37401.0,0,0,0,0,0,0,1
3502.0,0,0,0,0,0,0,1
58597.0,0,0,0,0,0,0,3
82032.0,0,0,0,0,0,0,0
28087.0,0,0,0,0,0,0,1
74004.0,1,0,0,0,1,1,0
19740.0,0,0,0,0,0,0,1
57036.0,0,0,1,0,0,0,2
53083.0,0,0,0,1,0,0,3
69283.0,0,0,0,0,0,0,2
46098.0,0,0,0,0,0,1,3
23331.0,0,0,0,0,0,0,1
23331.0,0,0,0,0,0,0,3
9255.0,0,0,0,0,0,0,1
67786.0,0,0,0,0,0,1,0
71969.0,0,0,0,1,0,0,2
59235.0,0,0,0,0,0,0,2
31928.0,0,0,0,0,0,0,1
74881.0,0,0,0,0,0,0,2
65819.0,0,0,0,0,0,0,0
51411.0,0,0,0,0,0,0,1
51983.0,0,0,0,0,0,0,2
42386.0,0,0,0,0,0,0,1
30390.0,0,0,0,0,0,0,1
30983.0,0,0,0,0,0,1,1
66033.0,0,0,0,0,0,0,2
37284.0,0,0,0,0,0,0,1
57530.0,0,0,0,0,0,0,1
76800.0,0,0,0,0,0,0,0
63943.0,0,0,0,0,0,0,0
76081.0,1,0,0,0,0,0,0
67445.0,0,0,0,0,0,0,2
37054.0,0,0,0,0,0,0,1
47175.0,0,0,1,0,0,1,3
31859.0,0,0,0,0,0,0,1
27215.0,0,0,0,0,0,0,3
70179.0,0,0,0,0,0,0,2
39922.0,0,0,0,0,0,0,1
49681.0,0,0,0,0,0,0,3
24645.0,0,0,0,0,0,0,1
79865.0,0,0,0,0,0,0,0
44322.0,0,0,0,0,0,0,1
47958.0,0,0,0,0,0,0,3
63972.0,0,0,0,1,0,0,2
75315.0,0,0,0,0,0,0,2
55517.0,0,0,0,0,0,1,3
75283.0,0,0,0,0,0,0,3
82800.0,1,0,0,0,1,1,0
38998.0,0,0,0,0,0,0,1
90638.0,0,0,0,0,1,1,0
27161.0,0,0,0,0,0,0,1
42014.0,0,0,0,0,0,1,3
38201.0,0,0,0,0,0,0,3
45203.0,0,0,0,0,0,1,1
81574.0,0,0,0,1,1,0,0
34935.0,0,0,0,0,0,0,1
60482.0,0,0,0,0,0,0,2
34633.0,0,0,0,0,0,0,1
78093.0,0,0,0,0,0,0,0
82460.0,0,0,0,0,0,0,0
45903.0,0,0,0,0,0,0,1
81361.0,0,0,0,0,0,1,0
35860.0,0,0,1,0,0,1,1
40442.0,0,0,0,0,0,1,3
61482.0,0,0,0,0,0,0,1
34968.0,0,0,0,0,0,0,3
75794.0,1,0,0,0,0,0,0
31497.0,0,0,0,0,0,0,3
74268.0,0,0,0,0,0,0,0
13724.0,0,0,1,0,0,0,1
45143.0,0,0,0,0,0,0,3
52569.0,0,0,0,0,0,0,1
48432.0,0,0,0,0,0,1,3
17144.0,0,0,0,0,0,0,3
36108.0,0,0,1,0,0,0,1
76445.0,0,0,0,0,0,0,0
36663.0,0,0,0,0,0,0,1
53843.0,0,0,0,0,0,0,3
90226.0,1,0,0,0,0,0,0
70638.0,0,0,0,1,0,0,2
44512.0,0,0,0,0,0,0,1
27116.0,0,0,0,0,0,0,1
54072.0,0,0,0,0,0,0,1
71855.0,0,0,0,0,0,0,2
51250.0,0,0,1,0,0,0,2
60432.0,0,0,0,0,0,0,3
65526.0,0,0,0,0,0,0,2
68655.0,0,0,0,0,0,0,0
12393.0,0,0,0,0,0,0,1
64509.0,0,0,1,0,0,1,0
33955.0,0,0,0,0,0,0,1
31353.0,0,0,0,0,0,1,1
55434.0,0,0,0,0,0,0,0
28359.0,0,0,0,0,0,0,1
57100.0,0,0,0,0,0,0,1
69139.0,0,0,0,0,0,0,1
52973.0,0,0,0,0,0,0,2
51717.0,0,0,0,1,0,0,1
18793.0,0,0,0,0,0,0,1
66664.0,0,0,0,0,0,0,0
50664.0,0,0,0,0,0,0,3
54414.0,0,0,0,0,0,0,3
54549.0,0,0,0,0,0,0,3
47111.0,0,0,0,0,0,0,2
41003.0,0,0,0,0,0,0,2
19444.0,0,0,0,0,0,1,1
36301.0,0,0,0,0,0,0,1
73059.0,0,0,0,0,0,0,2
42731.0,0,0,0,0,0,0,3
52854.0,0,0,0,0,0,0,1
22775.0,0,0,0,0,0,0,1
46681.0,0,0,0,0,0,0,3
59821.0,0,0,0,0,0,0,3
50002.0,0,0,0,0,0,0,2
69755.0,0,0,0,0,0,0,0
44078.0,0,0,0,0,0,0,1
30560.0,0,0,0,0,0,0,1
35924.0,0,0,0,0,0,0,1
64140.0,0,1,1,0,1,1,2
56386.0,0,0,0,0,0,0,3
24594.0,0,0,0,0,0,0,1
75774.0,0,0,0,0,0,0,0
39228.0,0,0,0,0,0,0,1
58494.0,0,0,0,0,0,0,3
58684.0,0,0,0,1,0,0,0
57136.0,0,0,0,0,0,1,0
56551.0,0,0,0,0,0,0,3
22448.0,0,0,0,0,0,0,1
82014.0,0,0,0,0,0,1,0
34213.0,0,0,0,0,0,1,3
157146.0,0,0,0,0,0,0,0
25358.0,0,0,0,0,0,0,1
35544.0,0,0,0,0,0,0,1
36634.0,0,0,0,0,0,0,3
62670.0,0,0,0,0,0,0,2
50334.0,0,0,0,0,0,0,2
72066.0,1,0,0,0,1,1,0
50729.0,0,0,0,0,0,0,3
34916.0,0,0,0,0,0,0,3
64892.0,0,0,0,0,0,0,2
43602.0,0,0,0,0,0,0,1
33996.0,0,0,0,0,0,0,1
41473.0,0,0,0,0,0,0,1
63246.0,0,0,0,0,0,0,2
36732.0,0,0,0,0,0,0,1
69084.0,0,0,0,0,0,0,2
77766.0,0,0,1,0,0,1,2
37929.0,1,0,0,1,0,1,1
86610.0,0,0,0,0,0,0,0
80141.0,0,0,0,0,1,1,0
72635.0,1,0,0,0,0,0,0
69016.0,0,0,0,0,0,0,0
20193.0,0,0,0,0,0,0,1
27573.0,0,0,0,0,0,0,1
15862.0,0,0,0,0,0,0,1
49544.0,0,0,0,0,0,0,3
33228.0,0,0,0,0,0,0,1
70440.0,1,0,0,0,0,0,0
38232.0,0,0,0,0,0,0,1
22554.0,0,0,0,0,0,0,3
23536.0,0,0,0,0,0,0,1
49413.0,0,0,0,0,0,0,1
42231.0,0,0,0,0,0,0,1
78789.0,0,0,0,0,0,1,0
56534.0,0,1,0,1,0,1,2
58350.0,0,0,0,0,0,0,2
81217.0,0,0,0,0,0,0,0
49090.0,0,0,0,0,0,0,2
61787.0,0,0,0,0,0,0,0
18169.0,0,0,0,0,0,0,1
24336.0,0,0,0,0,0,0,1
18222.0,0,0,0,0,0,0,1
62335.0,0,0,0,0,0,0,2
42033.0,0,0,0,0,0,0,1
86580.0,0,0,0,0,1,0,2
41437.0,0,0,0,0,0,0,1
73705.0,0,0,0,0,0,0,0
61064.0,0,0,0,0,0,0,2
38452.0,0,0,0,0,0,0,3
18358.0,0,0,0,0,0,0,1
55012.0,0,0,0,0,0,0,3
9722.0,0,0,0,0,0,1,1
38175.0,0,0,0,0,0,0,1
58656.0,0,0,0,0,1,0,2
52117.0,0,0,0,0,0,0,1
64813.0,0,0,0,0,0,0,2
54222.0,0,0,0,0,0,0,1
83512.0,1,1,1,0,1,1,0
77520.0,1,0,1,0,1,1,2
41154.0,0,0,0,0,0,0,1
80398.0,0,0,0,0,1,0,0
18746.0,0,0,0,0,0,0,1
35196.0,0,0,0,0,0,0,3
60230.0,0,0,0,0,0,0,2
22108.0,0,0,0,0,0,0,1
44392.0,0,0,0,0,0,0,3
55424.0,0,0,1,0,0,1,2
17688.0,0,0,0,0,0,0,1
92491.0,1,0,0,1,1,1,0
90273.0,1,0,0,1,1,1,0
82571.0,0,0,0,0,1,0,0
38513.0,0,0,0,0,0,1,3
16653.0,0,0,0,0,0,1,1
42586.0,0,0,0,0,0,1,3
23529.0,0,0,0,0,0,0,1
74881.0,0,0,0,0,0,0,2
71107.0,0,0,0,0,0,0,0
46910.0,0,0,0,0,0,0,1
18690.0,0,0,0,0,0,0,1
37244.0,0,0,1,0,0,0,1
82427.0,0,0,0,0,1,0,0
75342.0,0,0,0,0,0,0,2
70044.0,0,0,0,0,0,0,2
79146.0,0,0,0,0,0,0,2
77437.0,0,0,0,0,1,0,0
54984.0,1,0,0,0,0,0,3
42403.0,0,0,0,0,0,0,1
55761.0,0,0,0,1,0,0,1
37292.0,0,0,0,0,0,0,3
45576.0,0,0,0,0,0,1,1
70321.0,0,0,0,0,0,1,0
58086.0,0,0,0,0,0,0,2
81795.0,0,0,0,0,0,0,0
28389.0,0,0,0,0,0,0,1
66835.0,0,0,0,0,0,0,2
69901.0,0,0,0,0,0,0,2
80360.0,1,0,0,1,1,0,0
63342.0,0,0,0,1,0,1,2
44989.0,0,0,0,0,0,0,3
31859.0,0,0,0,0,0,0,1
51569.0,0,0,0,1,0,1,3
30372.0,0,0,0,0,0,0,1
16014.0,0,0,0,0,0,0,1
41120.0,0,0,0,0,0,0,1
39763.0,0,0,0,0,0,1,1
38725.0,0,0,0,0,0,0,1
77981.0,0,0,0,0,0,0,2
62905.0,0,0,0,0,0,0,2
13533.0,0,0,0,0,0,0,1
59481.0,0,0,0,0,0,0,2
72117.0,0,0,0,0,0,0,2
21955.0,0,0,0,0,0,0,1
67131.0,0,0,0,0,0,0,2
36802.0,0,0,0,0,0,0,1
71853.0,0,0,0,0,0,0,0
28249.0,0,0,0,0,0,0,1
47808.0,0,0,1,0,0,0,1
25509.0,0,0,0,0,0,1,3
51012.0,0,0,0,0,0,0,3
70596.0,0,0,0,0,0,0,0
85431.0,0,0,0,0,0,0,0
42664.0,0,0,0,0,0,0,1
42586.0,0,0,0,0,0,1,3
29760.0,0,0,0,0,0,0,1
28973.0,0,0,0,0,0,0,3
39435.0,0,0,0,0,0,0,1
65370.0,0,0,0,0,0,0,0
20194.0,0,0,0,0,0,0,1
42473.0,0,0,0,0,0,0,1
64590.0,0,0,0,0,0,0,0
71232.0,0,0,0,0,0,0,2
34600.0,0,0,0,0,0,1,3
46904.0,0,0,0,0,0,0,3
49094.0,0,0,0,0,0,0,3
36075.0,0,0,0,0,0,0,1
60839.0,0,0,0,0,0,0,2
77298.0,0,0,0,0,0,0,0
34026.0,0,0,0,0,0,0,1
48918.0,0,0,0,0,0,0,1
82122.0,0,0,0,0,1,0,0
37697.0,0,0,0,0,0,0,1
34074.0,0,0,1,0,0,0,3
28520.0,0,0,0,0,0,0,1
62535.0,0,0,0,0,0,0,2
36273.0,0,0,0,0,0,0,1
63404.0,1,0,0,0,0,0,2
75774.0,0,0,0,0,0,0,0
78416.0,0,0,0,0,0,0,0
75702.0,0,0,0,0,1,0,0
59385.0,0,0,0,0,0,0,3
37070.0,0,0,0,0,0,1,3
44689.0,0,0,1,0,0,0,1
53977.0,0,0,0,0,0,0,2
7144.0,0,0,0,0,0,0,2
18701.0,0,0,0,0,0,0,1
90369.0,0,0,0,0,0,1,0
63159.0,0,0,1,0,0,0,0
37758.0,0,0,0,0,0,0,1
46757.0,0,0,0,0,0,0,2
79734.0,1,0,0,0,0,0,2
63207.0,1,0,0,0,0,0,0
72071.0,0,0,0,0,0,0,0
21840.0,0,0,0,0,0,0,1
58582.0,0,0,0,1,0,0,2
72282.0,0,0,0,0,0,1,0
50387.0,0,0,0,0,0,0,3
32583.0,0,0,0,0,0,0,1
62568.0,1,0,0,0,0,0,2
44635.0,0,0,0,0,0,0,1
33316.0,0,0,0,0,0,0,1
63967.0,0,0,0,0,0,0,2
52513.0,0,0,0,0,0,0,0
25293.0,0,0,0,0,0,0,1
54111.0,0,0,0,0,0,0,3
78394.0,0,0,0,0,0,1,0
80739.0,0,0,0,0,0,0,0
22669.0,0,0,0,0,0,1,3
29236.0,0,0,0,0,0,0,1
44911.0,0,0,0,0,0,0,1
54693.0,0,0,0,0,0,0,2
48186.0,0,0,0,0,0,0,1
54809.0,0,0,0,0,0,1,1
41580.0,0,0,0,0,0,0,1
80336.0,0,0,0,0,0,0,0
47743.0,0,0,0,1,0,0,3
62972.0,0,0,0,0,0,0,2
57333.0,0,0,0,0,0,1,2
32313.0,0,0,0,0,0,0,1
84953.0,1,0,0,1,1,1,0
27071.0,0,0,0,0,0,0,1
68148.0,0,0,0,0,0,0,0
65735.0,0,0,0,0,0,0,3
86836.0,1,0,1,0,1,1,2
4023.0,0,0,0,0,0,0,3
30093.0,0,0,0,0,0,0,1
57705.0,0,0,0,0,0,0,3
25008.0,0,0,0,0,0,0,1
83257.0,0,0,1,0,1,1,0
22280.0,0,0,0,0,0,0,1
72159.0,0,0,0,0,0,0,0
64260.0,0,0,0,0,0,1,0
82733.0,0,0,0,0,0,1,0
74290.0,1,0,0,1,0,0,2
58217.0,0,0,0,0,0,0,1
21024.0,0,0,0,0,0,0,1
70116.0,0,0,0,0,0,0,0
54006.0,0,0,0,0,0,0,2
69063.0,0,0,0,0,0,0,2
11448.0,0,0,0,0,0,0,1
61825.0,0,0,0,0,0,0,2
70886.0,0,0,0,0,0,0,0
69109.0,0,0,0,0,1,1,0
60208.0,0,0,0,1,0,1,3
32889.0,0,0,0,0,0,0,1
34738.0,0,0,0,0,0,0,1
30538.0,0,0,0,0,0,0,3
82326.0,1,0,0,1,1,1,0
26642.0,0,0,0,0,0,0,1
69932.0,0,0,0,0,0,0,0
44503.0,0,0,0,0,0,0,1
60200.0,0,0,0,0,0,0,3
49638.0,0,0,0,0,0,0,1
23830.0,0,0,0,0,0,0,1
33051.0,0,0,0,0,0,1,2
72905.0,1,0,0,0,0,0,0
69702.0,0,0,0,0,0,0,2
70300.0,0,0,0,0,0,0,2
70643.0,0,0,0,0,0,1,0
30396.0,0,0,1,0,0,1,1
50616.0,0,0,0,0,0,0,1
62772.0,0,0,0,1,0,0,2
30298.0,0,0,0,0,0,0,1
52413.0,0,0,0,0,0,0,2
44155.0,0,0,0,0,0,0,1
86979.0,0,0,1,0,0,1,0
76532.0,0,0,0,0,0,0,2
42081.0,0,0,1,0,0,0,1
67546.0,0,0,0,0,0,0,0
88420.0,1,0,1,0,1,0,0
31158.0,0,0,0,0,0,0,1
61671.0,1,0,0,1,0,0,3
69719.0,0,0,0,0,0,0,0
49160.0,0,0,0,0,0,0,1
24882.0,0,0,1,0,0,0,1
90933.0,0,0,0,0,1,0,0
113734.0,0,0,0,0,0,0,2
59292.0,0,0,0,0,0,0,2
45759.0,0,0,0,0,0,0,1
22148.0,0,0,0,0,0,0,1
73395.0,0,0,0,0,0,0,2
29819.0,0,0,0,0,0,0,1
45688.0,0,0,0,1,0,0,1
62820.0,0,0,0,0,0,0,0
60491.0,0,0,0,0,0,0,2
33235.0,0,0,0,0,0,0,1
35701.0,0,0,0,0,0,0,1
31535.0,0,0,1,0,0,0,1
92556.0,0,0,0,0,0,0,0
67384.0,0,0,0,1,0,0,0
80573.0,0,0,0,0,0,0,0
77870.0,1,0,0,1,0,1,2
52278.0,0,0,0,0,0,0,2
57107.0,0,1,0,1,0,1,3
18929.0,0,0,0,0,0,0,1
36038.0,0,0,0,0,0,0,1
20180.0,0,0,0,0,0,0,1
34230.0,0,0,0,0,0,0,1
31878.0,0,0,0,0,0,0,1
70932.0,0,0,0,0,0,0,0
91249.0,1,1,0,1,1,1,0
77598.0,0,0,0,0,1,0,0
80982.0,0,0,0,0,0,0,2
22701.0,0,0,0,0,0,0,1
55212.0,0,1,0,1,0,0,2
70617.0,0,0,0,0,0,0,0
64849.0,0,0,0,0,0,1,0
62694.0,0,0,0,0,0,0,2
61917.0,0,0,0,0,0,0,1
67472.0,0,0,0,0,0,0,2
21059.0,0,0,0,0,0,0,1
29543.0,0,0,0,0,0,0,1
75903.0,0,0,0,0,0,0,0
34984.0,0,0,0,0,0,0,1
54998.0,0,0,0,0,0,1,3
54356.0,0,0,0,0,0,1,2
34242.0,0,0,0,0,0,0,1
25410.0,0,0,0,0,0,0,1
73356.0,1,0,1,0,1,1,0
28320.0,0,0,0,0,0,0,1
23763.0,0,0,0,0,0,0,1
72570.0,0,0,0,0,0,0,0
34529.0,0,0,0,0,0,0,1
70792.0,0,0,0,0,0,0,0
63211.0,0,0,0,0,0,1,0
83891.0,0,0,0,0,0,0,0
36065.0,0,0,0,0,0,0,1
39898.0,0,0,0,0,0,0,1
51141.0,0,0,0,0,0,0,1
56939.0,0,0,0,0,0,0,2
80872.0,0,0,0,0,0,0,0
72335.0,0,0,0,0,0,1,0
61798.0,0,0,0,0,0,0,2
76842.0,0,0,0,0,0,0,0
29478.0,0,0,0,0,0,0,1
46998.0,0,0,1,0,0,0,3
96843.0,0,0,0,0,1,1,0
56551.0,0,0,0,0,0,0,3
70053.0,0,0,0,0,0,0,2
71670.0,0,1,0,1,1,1,2
44359.0,0,0,0,0,0,0,1
40887.0,0,0,0,0,0,1,1
48877.0,0,0,0,0,0,0,1
74485.0,0,0,0,0,0,0,0
64474.0,0,0,0,0,0,0,2
77226.0,0,0,0,0,0,0,0
72643.0,1,0,0,0,0,1,0
85738.0,0,0,0,1,1,0,0
55686.0,0,0,1,0,0,0,2
39062.0,0,0,1,0,0,0,1
34600.0,0,0,0,0,0,1,3
40794.0,0,0,0,0,0,0,3
54690.0,0,0,0,0,0,0,1
4428.0,0,0,0,0,0,0,2
32632.0,0,0,0,0,0,0,2
38236.0,0,0,0,0,0,0,3
36781.0,0,0,0,0,0,1,1
31385.0,0,0,1,0,0,1,1
24570.0,0,0,0,0,0,0,1
25509.0,0,0,0,0,0,1,3
94642.0,1,0,0,0,1,0,0
58646.0,0,0,0,0,0,0,1
53201.0,0,0,0,0,0,0,3
21994.0,0,0,0,0,0,0,1
57113.0,0,0,0,0,0,0,3
51373.0,0,0,0,0,0,0,1
23477.0,0,0,0,0,0,0,1
58116.0,0,0,0,0,0,0,2
72968.0,1,0,0,0,0,1,0
39791.0,0,0,0,0,0,0,1
91712.0,0,0,0,0,1,1,0
94472.0,0,0,0,1,1,0,0
13672.0,0,0,0,0,0,0,1
96547.0,1,0,1,0,1,1,0
79205.0,1,0,0,0,0,1,0
56559.0,0,0,0,0,0,0,2
32644.0,0,0,1,0,0,0,3
67506.0,0,0,0,0,0,0,1
24206.0,0,0,0,0,0,0,1
28420.0,0,0,0,0,0,0,1
22979.0,0,0,0,0,0,1,1
33279.0,0,0,0,0,0,0,1
46423.0,0,0,0,0,0,0,1
30368.0,0,0,0,0,0,0,1
63684.0,0,0,0,0,0,0,0
41638.0,0,0,1,0,0,0,3
68805.0,0,0,0,0,0,0,3
65814.0,0,0,0,0,0,0,2
71964.0,0,0,0,0,0,0,0
39146.0,0,0,0,0,0,0,1
96876.0,1,0,0,1,1,1,0
34445.0,0,0,0,0,0,0,2
68281.0,0,0,0,0,0,1,0
37284.0,0,0,0,0,0,0,1
36790.0,0,0,0,0,0,1,1
27943.0,0,0,0,0,0,0,1
22263.0,0,0,0,0,0,0,1
30261.0,0,0,0,0,0,0,1
28587.0,0,0,0,0,0,0,1
43815.0,0,0,0,0,0,0,1
48195.0,0,0,0,0,0,0,3
77027.0,0,0,0,0,0,0,2
71322.0,0,0,0,0,0,0,2
32765.0,0,0,0,0,0,0,1
29672.0,0,0,0,0,0,0,1
23272.0,0,0,0,0,0,0,1
49912.0,0,0,1,0,0,1,2
7500.0,0,0,0,0,0,0,1
68117.0,0,0,1,0,0,1,2
67225.0,0,0,0,0,0,0,2
17649.0,0,0,0,0,0,0,1
55914.0,0,0,0,0,0,0,2
40059.0,0,0,1,0,0,0,1
60905.0,0,0,0,0,0,0,2
75330.0,0,0,0,0,0,0,2
60689.0,0,0,0,0,0,0,2
38680.0,0,0,0,0,0,0,1
61416.0,0,0,1,0,0,0,0
49767.0,0,0,0,0,0,0,0
83273.0,0,0,0,0,0,0,2
29009.0,0,0,0,0,0,0,1
45057.0,0,0,0,0,0,0,1
37150.0,0,0,0,0,0,0,3
43020.0,0,0,0,0,0,0,1
53154.0,0,0,0,0,0,0,1
65308.0,1,0,0,0,1,0,0
76467.0,0,0,0,0,0,1,0
81044.0,0,0,0,0,0,0,0
32871.0,0,0,0,0,0,0,1
55801.0,1,0,0,0,0,0,3
76320.0,0,0,0,0,0,0,2
36927.0,0,0,0,0,0,0,1
48794.0,0,0,0,0,0,0,1
23478.0,0,0,0,0,0,0,1
71128.0,0,0,0,0,0,0,0
70179.0,0,0,0,0,0,0,2
59462.0,0,0,0,0,0,0,2
52143.19977678572,0,0,0,0,0,0,2
38361.0,0,0,0,0,0,0,1
52143.19977678572,0,0,0,0,0,0,1
70038.0,0,0,0,0,0,0,0
42554.0,0,0,0,0,0,0,1
67445.0,0,0,0,0,0,0,2
67046.0,0,0,0,0,0,0,2
42192.0,0,0,0,0,0,0,1
77610.0,0,0,0,0,0,0,2
31761.0,0,0,0,0,0,0,1
34350.0,0,0,0,0,0,0,1
54591.0,0,0,0,0,0,0,2
71866.0,0,0,0,0,0,0,0
25293.0,0,0,0,0,0,0,1
42000.0,0,0,0,0,0,1,2
69520.0,0,0,0,0,0,0,0
64713.0,0,0,0,0,0,1,2
27889.0,0,0,0,0,0,0,1
22123.0,0,0,0,0,0,0,1
52143.19977678572,0,0,0,0,0,0,1
52143.19977678572,0,0,0,0,0,0,3
27803.0,0,0,0,0,0,0,1
52143.19977678572,0,0,0,0,0,0,3
51651.0,0,0,0,0,0,0,3
68487.0,0,0,0,0,0,0,0
52143.19977678572,0,0,0,0,1,1,0
56796.0,0,0,0,0,0,0,2
87000.0,0,0,0,0,0,0,0
79823.0,0,0,0,1,0,0,0
30828.0,0,0,0,0,0,0,1
34109.0,0,0,0,0,0,0,1
53367.0,0,0,0,0,0,1,3
22390.0,0,0,0,0,0,0,1
71322.0,0,0,0,0,0,0,1
79244.0,1,0,0,0,1,1,0
49912.0,0,0,1,0,0,1,2
48699.0,0,0,0,0,0,0,1
80144.0,0,0,0,0,0,0,0
54252.0,0,0,0,0,0,0,3
81929.0,0,0,1,0,1,1,2
76068.0,0,1,0,1,0,0,2
53204.0,0,0,0,0,0,0,1
67911.0,0,0,0,0,0,0,2
14796.0,0,0,0,0,0,1,1
78128.0,0,0,0,1,1,0,2
14188.0,0,0,0,0,0,0,1
20425.0,0,0,0,0,0,0,1
58646.0,0,0,0,0,0,0,1
72967.0,0,0,1,0,0,1,2
48150.0,0,0,0,0,0,0,3
82332.0,0,0,0,0,1,1,0
58275.0,0,0,0,0,0,0,3
44953.0,0,0,1,0,0,0,2
34587.0,0,0,0,0,0,0,1
43018.0,0,0,0,0,0,0,1
45736.0,0,0,0,0,0,0,3
66476.0,0,0,0,0,0,0,2
27733.0,0,0,0,0,0,0,1
69805.0,0,0,0,0,0,0,2
72217.0,0,0,0,0,0,0,0
25818.0,0,0,0,0,0,0,1
37509.0,0,0,0,0,0,0,1
25176.0,0,0,0,0,0,0,1
43586.0,0,0,0,0,0,0,1
53230.0,0,0,0,0,0,0,2
50116.0,0,0,0,1,0,0,1
84906.0,0,1,0,1,1,0,0
61286.0,0,0,0,0,0,0,2
82333.0,0,0,0,0,1,1,0
65220.0,0,0,0,0,0,1,2
33590.0,0,0,0,0,0,0,1
30992.0,0,0,0,0,0,0,1
72309.0,1,0,0,0,0,1,0
156924.0,0,0,0,0,0,0,1
16005.0,0,0,0,0,0,0,1
65487.0,0,0,0,0,0,0,0
58692.0,0,0,0,0,0,0,1
40590.0,0,0,1,0,0,0,3
20587.0,0,0,0,0,0,0,1
62637.0,0,0,0,0,0,0,1
29435.0,0,0,0,0,0,1,3
19346.0,0,0,0,0,0,0,1
35788.0,0,0,0,0,0,0,1
36997.0,0,0,0,0,0,0,3
23539.0,0,0,0,0,0,0,1
65333.0,0,0,0,1,1,0,2
78499.0,0,0,0,0,1,1,0
29732.0,0,0,0,0,0,0,1
41275.0,0,0,0,0,0,0,3
63516.0,0,0,0,0,0,0,3
42769.0,0,0,0,0,0,0,1
49572.0,0,0,0,0,0,0,1
69209.0,1,0,0,0,0,0,0
17148.0,0,0,0,0,0,0,1
40590.0,0,0,1,0,0,0,3
30560.0,0,0,0,0,0,0,1
32146.0,0,0,0,0,0,0,1
41713.0,0,0,0,0,0,0,3
34176.0,0,0,0,0,0,0,1
58482.0,0,0,0,1,0,0,2
59686.0,0,0,0,0,0,0,1
60896.0,0,0,0,0,0,1,2
62994.0,0,0,0,0,0,0,1
47320.0,0,0,0,0,0,0,3
74859.0,1,0,0,0,0,0,0
15253.0,0,0,0,0,0,0,1
31560.0,0,0,0,0,0,0,1
72071.0,0,0,0,0,0,0,0
91172.0,1,1,1,0,1,1,0
90000.0,1,0,1,0,1,0,0
41967.0,0,0,0,0,0,0,1
69263.0,0,0,0,1,0,0,2
65706.0,0,1,0,1,1,1,2
60934.0,0,0,0,0,0,0,0
71965.0,0,0,0,0,0,0,2
65210.0,1,0,0,1,0,0,2
79174.0,1,0,0,0,1,1,0
81380.0,0,0,0,0,0,0,0
48432.0,0,0,0,0,0,0,3
52914.0,0,0,1,0,0,0,2
38946.0,0,0,0,0,0,0,1
26067.0,0,0,0,0,0,0,1
44325.0,0,0,0,1,0,0,3
42523.0,0,0,0,0,0,0,1
26487.0,0,0,0,0,0,0,1
53233.0,0,0,0,0,0,0,1
67716.0,0,0,0,1,0,0,2
76234.0,0,0,0,1,0,0,2
84117.0,0,0,0,0,1,0,0
65487.0,0,0,0,0,0,0,0
25224.0,0,0,0,0,0,0,1
89616.0,0,0,0,0,0,1,0
40851.0,0,0,0,0,0,0,1
27469.0,0,0,0,0,0,0,1
82347.0,1,0,1,0,0,1,0
73803.0,0,0,1,0,0,1,2
8820.0,0,0,0,0,0,0,3
43322.0,0,0,0,0,0,0,1
55593.0,0,0,1,0,0,0,2
50501.0,0,0,1,0,0,1,3
37085.0,0,0,0,0,0,0,1
16185.0,0,0,0,0,0,0,1
57731.0,0,0,0,0,0,0,2
48432.0,0,0,0,0,0,1,3
73807.0,0,0,0,0,0,0,0
18929.0,0,0,0,0,0,0,1
35893.0,0,0,0,0,0,0,3
61014.0,0,0,0,0,0,0,2
32144.0,0,0,0,1,0,0,1
14918.0,0,0,0,0,0,0,1
45146.0,0,0,0,0,0,0,1
41769.0,0,0,0,0,0,0,3
88325.0,0,0,0,0,0,0,0
38054.0,0,0,0,0,0,0,1
80617.0,0,0,0,0,0,0,0
5305.0,0,0,0,0,0,0,1
36807.0,0,0,0,0,0,0,1
28427.0,0,0,0,0,0,0,1
82032.0,0,0,0,0,0,0,0
22775.0,0,0,0,0,0,0,1
40101.0,0,0,0,0,0,0,3
58025.0,0,0,0,0,0,0,2
75777.0,0,0,0,1,1,1,0
7500.0,0,0,0,0,0,0,1
33562.0,0,0,0,0,0,0,1
57642.0,0,0,1,0,0,0,2
58554.0,0,0,0,0,0,0,3
63777.0,0,0,0,0,0,0,3
57967.0,0,0,0,0,0,0,3
52143.19977678572,0,0,0,1,0,0,0
24434.0,0,0,0,0,0,0,1
11012.0,0,0,1,0,0,0,1
44802.0,0,0,0,0,0,0,2
26816.0,0,0,0,0,0,0,1
666666.0,0,0,0,0,0,0,2
34421.0,0,0,0,0,0,0,1
61223.0,0,0,0,0,0,0,2
64014.0,1,0,0,0,0,0,3
56981.0,0,0,0,1,0,0,0
69245.0,0,0,0,0,0,0,2
52869.0,0,0,0,0,0,1,3
